method,pair,processed_images,missing_images,large_vocab_size,compact_vocab_size,crosswalk_matched,crosswalk_unmatched,candidate_only_rescored_mIoU
cass,context,5105,0,459,59,59,400,0.1828
cliptrase,context,5105,0,459,59,59,400,0.2697
corrclip,context,5105,0,459,59,59,400,0.2256
freeda,context,5105,0,459,59,59,400,0.3621
naclip,context,5105,0,459,59,59,400,0.1699
proxyclip,context,5105,0,459,59,59,400,0.1811
resclip,context,5105,0,459,59,59,400,0.1674
san,context,5105,0,459,59,59,400,0.4882
scclip,context,5105,0,459,59,59,400,0.1801
sclip,context,5105,0,459,59,59,400,0.1574
trident,context,5105,0,459,59,59,400,0.1885
cass,ade,2000,0,847,150,155,692,0.1365
cliptrase,ade,2000,0,847,150,155,692,0.1127
corrclip,ade,2000,0,847,150,155,692,0.1934
freeda,ade,2000,0,847,150,155,692,0.1782
naclip,ade,2000,0,847,150,155,692,0.1305
proxyclip,ade,2000,0,847,150,155,692,0.1464
resclip,ade,2000,0,847,150,155,692,0.1305
san,ade,2000,0,847,150,155,692,0.2364
scclip,ade,2000,0,847,150,155,692,0.1424
sclip,ade,2000,0,847,150,155,692,0.1139
trident,ade,2000,0,847,150,155,692,0.1472
