method,dataset,quality_metric,quality_value,sec_per_iter_from_log,mIoU_per_second_proxy,peak_mem_mb_from_log,status,artifact_gap,log_path
corrclip,ade20k,mIoU,26.96,0.0807,334.0768277571252,,partial_from_official_logs; isolated rerun queued,"Need isolated rerun, peak-memory sampler, model calls, and stage breakdown for paper-grade E4.",runs/logs/official_corrclip_ade20k_datafix.log
corrclip,ade847,mIoU,8.67,0.5864,14.78512960436562,,partial_from_official_logs; isolated rerun queued,"Need isolated rerun, peak-memory sampler, model calls, and stage breakdown for paper-grade E4.",runs/logs/official_corrclip_ade847_e2.log
corrclip,coco_stuff164k,mIoU,32.22,0.0921,349.8371335504886,,partial_from_official_logs; isolated rerun queued,"Need isolated rerun, peak-memory sampler, model calls, and stage breakdown for paper-grade E4.",runs/logs/official_corrclip_coco_stuff164k_datafix.log
corrclip,context459,mIoU,11.88,0.2469,48.11664641555286,,partial_from_official_logs; isolated rerun queued,"Need isolated rerun, peak-memory sampler, model calls, and stage breakdown for paper-grade E4.",runs/logs/official_corrclip_context459_e2.log
corrclip,context59,mIoU,48.68,0.0785,620.1273885350319,,partial_from_official_logs; isolated rerun queued,"Need isolated rerun, peak-memory sampler, model calls, and stage breakdown for paper-grade E4.",runs/logs/official_corrclip_context59_datafix.log
corrclip,voc20,mIoU,89.01,0.0756,1177.3809523809525,,partial_from_official_logs; isolated rerun queued,"Need isolated rerun, peak-memory sampler, model calls, and stage breakdown for paper-grade E4.",runs/logs/official_corrclip_voc20_datafix.log
naclip,ade20k,mIoU,19.12,0.478,40.00000000000001,,partial_from_official_logs; isolated rerun queued,"Need isolated rerun, peak-memory sampler, model calls, and stage breakdown for paper-grade E4.",runs/logs/official_naclip_ade20k_datafix.log
naclip,ade847,mIoU,6.01,2.2346,2.6895193770697214,,partial_from_official_logs; isolated rerun queued,"Need isolated rerun, peak-memory sampler, model calls, and stage breakdown for paper-grade E4.",runs/logs/official_naclip_ade847_e2.log
naclip,coco_stuff164k,mIoU,25.98,0.4071,63.81724392041267,,partial_from_official_logs; isolated rerun queued,"Need isolated rerun, peak-memory sampler, model calls, and stage breakdown for paper-grade E4.",runs/logs/official_naclip_coco_stuff164k_datafix.log
naclip,context459,mIoU,7.79,1.9286,4.039199419267862,,partial_from_official_logs; isolated rerun queued,"Need isolated rerun, peak-memory sampler, model calls, and stage breakdown for paper-grade E4.",runs/logs/official_naclip_context459_e2.log
naclip,context59,mIoU,38.36,0.1373,279.38820101966496,,partial_from_official_logs; isolated rerun queued,"Need isolated rerun, peak-memory sampler, model calls, and stage breakdown for paper-grade E4.",runs/logs/official_naclip_context59_datafix.log
naclip,voc20,mIoU,77.98,0.1144,681.6433566433567,,partial_from_official_logs; isolated rerun queued,"Need isolated rerun, peak-memory sampler, model calls, and stage breakdown for paper-grade E4.",runs/logs/official_naclip_voc20_datafix.log
proxyclip,ade20k,mIoU,19.59,0.0568,344.8943661971831,,partial_from_official_logs; isolated rerun queued,"Need isolated rerun, peak-memory sampler, model calls, and stage breakdown for paper-grade E4.",runs/logs/official_proxyclip_ade20k_datafix.log
proxyclip,ade847,mIoU,6.9,0.3538,19.502543810062182,,partial_from_official_logs; isolated rerun queued,"Need isolated rerun, peak-memory sampler, model calls, and stage breakdown for paper-grade E4.",runs/logs/official_proxyclip_ade847_e2.log
proxyclip,coco_stuff164k,mIoU,26.68,0.0753,354.31606905710487,,partial_from_official_logs; isolated rerun queued,"Need isolated rerun, peak-memory sampler, model calls, and stage breakdown for paper-grade E4.",runs/logs/official_proxyclip_coco_stuff164k_datafix.log
proxyclip,context459,mIoU,8.41,0.3958,21.248105103587672,,partial_from_official_logs; isolated rerun queued,"Need isolated rerun, peak-memory sampler, model calls, and stage breakdown for paper-grade E4.",runs/logs/official_proxyclip_context459_e2.log
proxyclip,context59,mIoU,39.31,0.0658,597.4164133738602,,partial_from_official_logs; isolated rerun queued,"Need isolated rerun, peak-memory sampler, model calls, and stage breakdown for paper-grade E4.",runs/logs/official_proxyclip_context59_datafix.log
proxyclip,voc20,mIoU,81.64,0.0564,1447.5177304964539,,partial_from_official_logs; isolated rerun queued,"Need isolated rerun, peak-memory sampler, model calls, and stage breakdown for paper-grade E4.",runs/logs/official_proxyclip_voc20_datafix.log
resclip,ade20k,mIoU,18.07,0.2791,64.74381941956288,,partial_from_official_logs; isolated rerun queued,"Need isolated rerun, peak-memory sampler, model calls, and stage breakdown for paper-grade E4.",runs/logs/official_resclip_ade20k_datafix.log
resclip,ade847,mIoU,6.49,4.4124,1.4708548635663132,,partial_from_official_logs; isolated rerun queued,"Need isolated rerun, peak-memory sampler, model calls, and stage breakdown for paper-grade E4.",runs/logs/official_resclip_ade847_e2.log
resclip,coco_stuff164k,mIoU,23.59,0.3497,67.4578209894195,,partial_from_official_logs; isolated rerun queued,"Need isolated rerun, peak-memory sampler, model calls, and stage breakdown for paper-grade E4.",runs/logs/official_resclip_coco_stuff164k_datafix.log
resclip,context459,mIoU,7.7,1.768,4.355203619909502,,partial_from_official_logs; isolated rerun queued,"Need isolated rerun, peak-memory sampler, model calls, and stage breakdown for paper-grade E4.",runs/logs/official_resclip_context459_e2.log
resclip,context59,mIoU,36.85,0.1616,228.0321782178218,,partial_from_official_logs; isolated rerun queued,"Need isolated rerun, peak-memory sampler, model calls, and stage breakdown for paper-grade E4.",runs/logs/official_resclip_context59_datafix.log
resclip,voc20,mIoU,78.51,0.1033,760.0193610842207,,partial_from_official_logs; isolated rerun queued,"Need isolated rerun, peak-memory sampler, model calls, and stage breakdown for paper-grade E4.",runs/logs/official_resclip_voc20_datafix.log
sclip,ade20k,mIoU,16.46,0.0512,321.484375,,partial_from_official_logs; isolated rerun queued,"Need isolated rerun, peak-memory sampler, model calls, and stage breakdown for paper-grade E4.",runs/logs/official_sclip_ade20k_datafix.log
sclip,ade847,mIoU,5.67,0.2399,23.634847853272195,,partial_from_official_logs; isolated rerun queued,"Need isolated rerun, peak-memory sampler, model calls, and stage breakdown for paper-grade E4.",runs/logs/official_sclip_ade847_e2.log
sclip,coco_stuff164k,mIoU,22.86,0.1119,204.28954423592492,,partial_from_official_logs; isolated rerun queued,"Need isolated rerun, peak-memory sampler, model calls, and stage breakdown for paper-grade E4.",runs/logs/official_sclip_coco_stuff164k_datafix.log
sclip,context459,mIoU,6.68,0.1835,36.40326975476839,,partial_from_official_logs; isolated rerun queued,"Need isolated rerun, peak-memory sampler, model calls, and stage breakdown for paper-grade E4.",runs/logs/official_sclip_context459_e2.log
sclip,context59,mIoU,34.14,0.0513,665.4970760233919,,partial_from_official_logs; isolated rerun queued,"Need isolated rerun, peak-memory sampler, model calls, and stage breakdown for paper-grade E4.",runs/logs/official_sclip_context59_datafix.log
sclip,voc20,mIoU,77.47,0.0504,1537.1031746031745,,partial_from_official_logs; isolated rerun queued,"Need isolated rerun, peak-memory sampler, model calls, and stage breakdown for paper-grade E4.",runs/logs/official_sclip_voc20_datafix.log
