method,dataset,community_id,n_classes,classes,class_ids,edge_weight,source_edges,status
corrclip,ade20k,1,10,wall; building; ceiling; windowpane; door; house; signboard; light; streetlight; tradename,0;1;5;8;14;25;43;82;87;123,1995.0,40,computed_from_top_confusion_pairs
corrclip,ade20k,2,3,table; chair; coffeetable,15;19;64,178.0,40,computed_from_top_confusion_pairs
corrclip,ade20k,3,3,sofa; armchair; cushion,23;30;39,167.0,40,computed_from_top_confusion_pairs
corrclip,ade20k,4,3,bed; pillow; blanket,7;57;131,229.0,40,computed_from_top_confusion_pairs
corrclip,ade20k,5,2,people; apparel,12;92,125.0,40,computed_from_top_confusion_pairs
corrclip,ade20k,6,2,grass; plant,9;17,132.0,40,computed_from_top_confusion_pairs
corrclip,ade20k,7,2,floor; rug,3;28,165.0,40,computed_from_top_confusion_pairs
corrclip,ade20k,8,2,road; sidewalk,6;11,256.0,40,computed_from_top_confusion_pairs
corrclip,ade847,1,15,"wall; building, edifice; sky; tree; road, route; floor, flooring; ceiling; sidewalk, pavement; grass; windowpane, window; rug, carpet, carpeting; streetlight, street lamp; light, light source; forest; pier",0;1;2;3;4;5;6;8;12;13;27;78;82;195;255,3439.0,40,computed_from_top_confusion_pairs
corrclip,ade847,2,4,"person, individual, someone, somebody, mortal, soul; table; book; airplane, aeroplane, plane",11;17;76;94,274.0,40,computed_from_top_confusion_pairs
corrclip,ade847,3,3,"plant, flora, plant life; toilet, can, commode, crapper, pot, potty, stool, throne; pot",16;58;188,221.0,40,computed_from_top_confusion_pairs
corrclip,ade847,4,2,"chair; signboard, sign",18;39,66.0,40,computed_from_top_confusion_pairs
corrclip,ade847,5,2,"curtain, drape, drapery, mantle, pall; computer, computing machine, computing device, data processor, electronic computer, information processing system",19;79,224.0,40,computed_from_top_confusion_pairs
corrclip,ade847,6,2,door; double door,20;64,64.0,40,computed_from_top_confusion_pairs
corrclip,ade847,7,2,"painting, picture; air conditioner, air conditioning",23;210,137.0,40,computed_from_top_confusion_pairs
corrclip,ade847,8,2,"bed; blanket, cover",7;150,61.0,40,computed_from_top_confusion_pairs
corrclip,coco_stuff164k,1,8,bridge; carpet; hill; leaves; mat; wall-brick; wall-concrete; window-blind,83;89;115;117;119;159;160;168,2076.0,40,computed_from_top_confusion_pairs
corrclip,coco_stuff164k,2,4,cake; bed; floor-tile; structural-other,55;59;105;152,625.0,40,computed_from_top_confusion_pairs
corrclip,coco_stuff164k,3,4,building-other; house; pillow; towel,84;116;129;156,1214.0,40,computed_from_top_confusion_pairs
corrclip,coco_stuff164k,4,3,clothes; flower; shelf,93;107;144,551.0,40,computed_from_top_confusion_pairs
corrclip,coco_stuff164k,5,2,furniture-other; platform,111;132,177.0,40,computed_from_top_confusion_pairs
corrclip,coco_stuff164k,6,2,paper; river,127;136,852.0,40,computed_from_top_confusion_pairs
corrclip,coco_stuff164k,7,2,bicycle; train,1;6,200.0,40,computed_from_top_confusion_pairs
corrclip,coco_stuff164k,8,2,bush; counter,85;95,282.0,40,computed_from_top_confusion_pairs
corrclip,coco_stuff164k,9,2,cloth; snow,92;147,712.0,40,computed_from_top_confusion_pairs
corrclip,context459,1,8,ceiling; cow; floor; grass; ground; road; unknown; water,67;97;157;186;188;323;430;444,3149.0,40,computed_from_top_confusion_pairs
corrclip,context459,2,3,forceps; leaves; tree,163;228;419,2478.0,40,computed_from_top_confusion_pairs
corrclip,context459,3,2,aeroplane; motorbike,1;257,416.0,40,computed_from_top_confusion_pairs
corrclip,context459,4,2,air conditioner; mountain,2;258,405.0,40,computed_from_top_confusion_pairs
corrclip,context459,5,2,bird nest; person,27;283,1866.0,40,computed_from_top_confusion_pairs
corrclip,context459,6,2,cabinet door; pole,46;302,410.0,40,computed_from_top_confusion_pairs
corrclip,context459,7,2,camel; pottedplant,51;307,308.0,40,computed_from_top_confusion_pairs
corrclip,context459,8,2,cup; sky,103;359,2743.0,40,computed_from_top_confusion_pairs
corrclip,context459,9,2,dock; sofa,111;367,549.0,40,computed_from_top_confusion_pairs
corrclip,context459,10,2,fan; table,140;396,876.0,40,computed_from_top_confusion_pairs
corrclip,context459,11,2,fly; train,159;415,406.0,40,computed_from_top_confusion_pairs
corrclip,context459,12,2,building; controller,43;89,141.0,40,computed_from_top_confusion_pairs
corrclip,context459,13,2,glove; wall,183;439,1072.0,40,computed_from_top_confusion_pairs
corrclip,context459,14,2,hard disk drive; window,197;453,409.0,40,computed_from_top_confusion_pairs
corrclip,context59,1,14,building; ceiling; door; fence; floor; grass; ground; pottedplant; road; sidewalk; sky; track; tree; wall,10;15;23;24;25;28;29;39;40;44;46;50;52;55,4324.0,40,computed_from_top_confusion_pairs
corrclip,context59,2,3,cloth; motorbike; people,17;33;36,290.0,40,computed_from_top_confusion_pairs
corrclip,context59,3,2,chair; table,16;49,201.0,40,computed_from_top_confusion_pairs
corrclip,context59,4,2,computer; tvmonitor,18;54,236.0,40,computed_from_top_confusion_pairs
corrclip,context59,5,2,book; shelves,8;43,134.0,40,computed_from_top_confusion_pairs
corrclip,voc20,1,15,aeroplane; bicycle; boat; bottle; bus; car; chair; diningtable; horse; motorbike; person; pottedplant; sofa; train; tvmonitor,0;1;3;4;5;6;8;10;12;13;14;15;17;18;19,299.0,40,computed_from_top_confusion_pairs
corrclip,voc20,2,2,cat; dog,7;11,8.0,40,computed_from_top_confusion_pairs
naclip,ade20k,1,7,wall; building; ceiling; windowpane; house; hovel; light,0;1;5;8;25;79;82,1515.0,40,computed_from_top_confusion_pairs
naclip,ade20k,2,5,road; sidewalk; people; apparel; step,6;11;12;92;121,670.0,40,computed_from_top_confusion_pairs
naclip,ade20k,3,5,sky; tree; mountain; hill; land,2;4;16;68;94,236.0,40,computed_from_top_confusion_pairs
naclip,ade20k,4,4,bed; table; chair; pillow,7;15;19;57,429.0,40,computed_from_top_confusion_pairs
naclip,ade20k,5,3,grass; earth; plant,9;13;17,225.0,40,computed_from_top_confusion_pairs
naclip,ade20k,6,2,floor; rug,3;28,421.0,40,computed_from_top_confusion_pairs
naclip,ade20k,7,2,sofa; cushion,23;39,119.0,40,computed_from_top_confusion_pairs
naclip,ade847,1,12,"wall; building, edifice; sky; road, route; floor, flooring; sidewalk, pavement; person, individual, someone, somebody, mortal, soul; grass; house; rug, carpet, carpeting; curb, curbing, kerb; pier",0;1;2;4;5;8;11;12;26;27;163;255,2887.0,40,computed_from_top_confusion_pairs
naclip,ade847,2,4,"tree; plant, flora, plant life; forest; jar",3;16;195;240,632.0,40,computed_from_top_confusion_pairs
naclip,ade847,3,4,"ceiling; light, light source; pier, wharf, wharfage, dock; hat, chapeau, lid",6;82;174;249,340.0,40,computed_from_top_confusion_pairs
naclip,ade847,4,2,"painting, picture; air conditioner, air conditioning",23;210,305.0,40,computed_from_top_confusion_pairs
naclip,ade847,5,2,"runway; wall socket, wall plug, electric outlet, electrical outlet, outlet, electric receptacle",52;308,74.0,40,computed_from_top_confusion_pairs
naclip,ade847,6,2,bed; pillow,7;56,142.0,40,computed_from_top_confusion_pairs
naclip,coco_stuff164k,1,9,blanket; building-other; clothes; gravel; ground-other; moss; shelf; towel; window-other,81;84;93;113;114;122;144;156;169,1620.0,40,computed_from_top_confusion_pairs
naclip,coco_stuff164k,2,6,bridge; bush; counter; sea; wall-brick; wall-concrete,83;85;95;143;159;160,2103.0,40,computed_from_top_confusion_pairs
naclip,coco_stuff164k,3,4,fire hydrant; mat; paper; river,10;119;127;136,886.0,40,computed_from_top_confusion_pairs
naclip,coco_stuff164k,4,4,handbag; cloth; floor-marble; floor-stone,26;92;102;104,535.0,40,computed_from_top_confusion_pairs
naclip,coco_stuff164k,5,2,carpet; leaves,89;117,101.0,40,computed_from_top_confusion_pairs
naclip,coco_stuff164k,6,2,furniture-other; platform,111;132,184.0,40,computed_from_top_confusion_pairs
naclip,coco_stuff164k,7,2,bed; structural-other,59;152,380.0,40,computed_from_top_confusion_pairs
naclip,coco_stuff164k,8,2,spoon; fog,44;108,193.0,40,computed_from_top_confusion_pairs
naclip,context459,1,5,ceiling; cow; ground; road; water,67;97;188;323;444,2104.0,40,computed_from_top_confusion_pairs
naclip,context459,2,5,cup; forceps; grass; sky; tree,103;163;186;359;419,4656.0,40,computed_from_top_confusion_pairs
naclip,context459,3,5,building; closet; controller; glove; wall,43;78;89;183;439,2489.0,40,computed_from_top_confusion_pairs
naclip,context459,4,4,bird nest; blackboard; cloth; person,27;28;79;283,1715.0,40,computed_from_top_confusion_pairs
naclip,context459,5,2,chicken; floor,73;157,461.0,40,computed_from_top_confusion_pairs
naclip,context459,6,2,aeroplane; motorbike,1;257,360.0,40,computed_from_top_confusion_pairs
naclip,context459,7,2,air conditioner; mountain,2;258,386.0,40,computed_from_top_confusion_pairs
naclip,context459,8,2,cabinet door; pole,46;302,296.0,40,computed_from_top_confusion_pairs
naclip,context459,9,2,dock; sofa,111;367,449.0,40,computed_from_top_confusion_pairs
naclip,context459,10,2,fan; table,140;396,795.0,40,computed_from_top_confusion_pairs
naclip,context459,11,2,fly; train,159;415,413.0,40,computed_from_top_confusion_pairs
naclip,context59,1,13,building; cabinet; door; floor; grass; ground; road; shelves; sidewalk; sky; tree; wall; wood,10;12;23;25;28;29;40;43;44;46;52;55;58,5288.0,40,computed_from_top_confusion_pairs
naclip,context59,2,3,chair; cup; table,16;20;49,383.0,40,computed_from_top_confusion_pairs
naclip,context59,3,2,car; truck,13;53,91.0,40,computed_from_top_confusion_pairs
naclip,context59,4,2,cloth; people,17;36,724.0,40,computed_from_top_confusion_pairs
naclip,context59,5,2,track; train,50;51,195.0,40,computed_from_top_confusion_pairs
naclip,voc20,1,15,bicycle; boat; bottle; bus; car; chair; cow; diningtable; horse; motorbike; person; pottedplant; sofa; train; tvmonitor,1;3;4;5;6;8;9;10;12;13;14;15;17;18;19,321.0,40,computed_from_top_confusion_pairs
proxyclip,ade20k,1,9,wall; building; ceiling; windowpane; door; painting; house; hovel; light,0;1;5;8;14;22;25;79;82,1965.0,40,computed_from_top_confusion_pairs
proxyclip,ade20k,2,5,road; sidewalk; people; apparel; step,6;11;12;92;121,621.0,40,computed_from_top_confusion_pairs
proxyclip,ade20k,3,4,sky; tree; grass; plant,2;4;9;17,366.0,40,computed_from_top_confusion_pairs
proxyclip,ade20k,4,4,bed; table; chair; pillow,7;15;19;57,437.0,40,computed_from_top_confusion_pairs
proxyclip,ade20k,5,2,floor; rug,3;28,430.0,40,computed_from_top_confusion_pairs
proxyclip,ade20k,6,2,sofa; cushion,23;39,132.0,40,computed_from_top_confusion_pairs
proxyclip,ade847,1,16,"wall; building, edifice; sky; tree; road, route; floor, flooring; sidewalk, pavement; grass; door; house; rug, carpet, carpeting; cliff, drop, drop-off; double door; curb, curbing, kerb; forest; pier",0;1;2;3;4;5;8;12;20;26;27;53;64;163;195;255,3354.0,40,computed_from_top_confusion_pairs
proxyclip,ade847,2,3,"sofa, couch, lounge; armchair; cushion",21;29;40,266.0,40,computed_from_top_confusion_pairs
proxyclip,ade847,3,2,"painting, picture; air conditioner, air conditioning",23;210,283.0,40,computed_from_top_confusion_pairs
proxyclip,ade847,4,2,bed; pillow,7;56,121.0,40,computed_from_top_confusion_pairs
proxyclip,ade847,5,2,"ceiling; light, light source",6;82,270.0,40,computed_from_top_confusion_pairs
proxyclip,coco_stuff164k,1,7,bridge; bush; counter; hill; sea; wall-brick; wall-concrete,83;85;95;115;143;159;160,1755.0,40,computed_from_top_confusion_pairs
proxyclip,coco_stuff164k,2,6,building-other; clothes; gravel; ground-other; shelf; towel,84;93;113;114;144;156,1188.0,40,computed_from_top_confusion_pairs
proxyclip,coco_stuff164k,3,4,fire hydrant; mat; paper; river,10;119;127;136,975.0,40,computed_from_top_confusion_pairs
proxyclip,coco_stuff164k,4,4,cake; bed; fruit; structural-other,55;59;110;152,847.0,40,computed_from_top_confusion_pairs
proxyclip,coco_stuff164k,5,3,handbag; cloth; floor-marble,26;92;102,290.0,40,computed_from_top_confusion_pairs
proxyclip,coco_stuff164k,6,2,furniture-other; platform,111;132,178.0,40,computed_from_top_confusion_pairs
proxyclip,coco_stuff164k,7,2,spoon; fog,44;108,188.0,40,computed_from_top_confusion_pairs
proxyclip,context459,1,5,ceiling; cow; ground; road; water,67;97;188;323;444,2007.0,40,computed_from_top_confusion_pairs
proxyclip,context459,2,4,bird nest; blackboard; cloth; person,27;28;79;283,1514.0,40,computed_from_top_confusion_pairs
proxyclip,context459,3,4,cup; forceps; sky; tree,103;163;359;419,4472.0,40,computed_from_top_confusion_pairs
proxyclip,context459,4,3,closet; glove; wall,78;183;439,1404.0,40,computed_from_top_confusion_pairs
proxyclip,context459,5,2,chicken; floor,73;157,427.0,40,computed_from_top_confusion_pairs
proxyclip,context459,6,2,aeroplane; motorbike,1;257,406.0,40,computed_from_top_confusion_pairs
proxyclip,context459,7,2,air conditioner; mountain,2;258,432.0,40,computed_from_top_confusion_pairs
proxyclip,context459,8,2,cabinet door; pole,46;302,482.0,40,computed_from_top_confusion_pairs
proxyclip,context459,9,2,dock; sofa,111;367,542.0,40,computed_from_top_confusion_pairs
proxyclip,context459,10,2,fan; table,140;396,857.0,40,computed_from_top_confusion_pairs
proxyclip,context459,11,2,fly; train,159;415,438.0,40,computed_from_top_confusion_pairs
proxyclip,context459,12,2,building; controller,43;89,625.0,40,computed_from_top_confusion_pairs
proxyclip,context59,1,12,building; cabinet; door; floor; grass; ground; road; sidewalk; sky; tree; wall; wood,10;12;23;25;28;29;40;44;46;52;55;58,5296.0,40,computed_from_top_confusion_pairs
proxyclip,context59,2,2,car; truck,13;53,92.0,40,computed_from_top_confusion_pairs
proxyclip,context59,3,2,chair; table,16;49,299.0,40,computed_from_top_confusion_pairs
proxyclip,context59,4,2,cloth; people,17;36,605.0,40,computed_from_top_confusion_pairs
proxyclip,context59,5,2,track; train,50;51,273.0,40,computed_from_top_confusion_pairs
proxyclip,voc20,1,14,bicycle; boat; bottle; bus; car; chair; diningtable; horse; motorbike; person; pottedplant; sofa; train; tvmonitor,1;3;4;5;6;8;10;12;13;14;15;17;18;19,346.0,40,computed_from_top_confusion_pairs
resclip,ade20k,1,8,wall; building; ceiling; windowpane; door; house; hovel; light,0;1;5;8;14;25;79;82,1800.0,40,computed_from_top_confusion_pairs
resclip,ade20k,2,5,road; sidewalk; people; apparel; step,6;11;12;92;121,571.0,40,computed_from_top_confusion_pairs
resclip,ade20k,3,5,bed; table; chair; pillow; coffeetable,7;15;19;57;64,439.0,40,computed_from_top_confusion_pairs
resclip,ade20k,4,4,sky; tree; grass; plant,2;4;9;17,401.0,40,computed_from_top_confusion_pairs
resclip,ade20k,5,2,cabinet; kitchenisland,10;73,61.0,40,computed_from_top_confusion_pairs
resclip,ade20k,6,2,floor; rug,3;28,424.0,40,computed_from_top_confusion_pairs
resclip,ade20k,7,2,sofa; cushion,23;39,127.0,40,computed_from_top_confusion_pairs
resclip,ade847,1,12,"wall; building, edifice; sky; road, route; floor, flooring; sidewalk, pavement; person, individual, someone, somebody, mortal, soul; grass; house; rug, carpet, carpeting; curb, curbing, kerb; pier",0;1;2;4;5;8;11;12;26;27;163;255,2774.0,40,computed_from_top_confusion_pairs
resclip,ade847,2,4,"tree; plant, flora, plant life; forest; jar",3;16;195;240,494.0,40,computed_from_top_confusion_pairs
resclip,ade847,3,2,"table; chest of drawers, chest, bureau, dresser",17;68,63.0,40,computed_from_top_confusion_pairs
resclip,ade847,4,2,"painting, picture; air conditioner, air conditioning",23;210,263.0,40,computed_from_top_confusion_pairs
resclip,ade847,5,2,"sofa, couch, lounge; cushion",21;40,124.0,40,computed_from_top_confusion_pairs
resclip,ade847,6,2,bed; pillow,7;56,146.0,40,computed_from_top_confusion_pairs
resclip,ade847,7,2,"toilet, can, commode, crapper, pot, potty, stool, throne; pot",58;188,58.0,40,computed_from_top_confusion_pairs
resclip,ade847,8,2,"ceiling; light, light source",6;82,264.0,40,computed_from_top_confusion_pairs
resclip,coco_stuff164k,1,9,blanket; building-other; clothes; desk-stuff; furniture-other; ground-other; platform; shelf; towel,81;84;93;98;111;114;132;144;156,1530.0,40,computed_from_top_confusion_pairs
resclip,coco_stuff164k,2,9,bridge; bush; carpet; counter; hill; leaves; sea; wall-brick; wall-concrete,83;85;89;95;115;117;143;159;160,2053.0,40,computed_from_top_confusion_pairs
resclip,coco_stuff164k,3,4,fire hydrant; mat; paper; river,10;119;127;136,833.0,40,computed_from_top_confusion_pairs
resclip,coco_stuff164k,4,4,cake; bed; fruit; structural-other,55;59;110;152,757.0,40,computed_from_top_confusion_pairs
resclip,coco_stuff164k,5,3,handbag; cloth; floor-marble,26;92;102,409.0,40,computed_from_top_confusion_pairs
resclip,coco_stuff164k,6,2,spoon; fog,44;108,191.0,40,computed_from_top_confusion_pairs
resclip,context459,1,10,ceiling; cow; cup; forceps; grass; ground; road; sky; tree; water,67;97;103;163;186;188;323;359;419;444,7000.0,40,computed_from_top_confusion_pairs
resclip,context459,2,5,building; closet; controller; glove; wall,43;78;89;183;439,2042.0,40,computed_from_top_confusion_pairs
resclip,context459,3,3,bird nest; cloth; person,27;79;283,796.0,40,computed_from_top_confusion_pairs
resclip,context459,4,2,chicken; floor,73;157,479.0,40,computed_from_top_confusion_pairs
resclip,context459,5,2,aeroplane; motorbike,1;257,385.0,40,computed_from_top_confusion_pairs
resclip,context459,6,2,air conditioner; mountain,2;258,421.0,40,computed_from_top_confusion_pairs
resclip,context459,7,2,cabinet door; pole,46;302,249.0,40,computed_from_top_confusion_pairs
resclip,context459,8,2,dock; sofa,111;367,517.0,40,computed_from_top_confusion_pairs
resclip,context459,9,2,fan; table,140;396,770.0,40,computed_from_top_confusion_pairs
resclip,context459,10,2,card; track,59;414,145.0,40,computed_from_top_confusion_pairs
resclip,context459,11,2,fly; train,159;415,427.0,40,computed_from_top_confusion_pairs
resclip,context59,1,15,building; cabinet; cloth; curtain; door; floor; grass; ground; people; road; sidewalk; sky; tree; wall; wood,10;12;17;21;23;25;28;29;36;40;44;46;52;55;58,5627.0,40,computed_from_top_confusion_pairs
resclip,context59,2,3,chair; cup; table,16;20;49,357.0,40,computed_from_top_confusion_pairs
resclip,context59,3,2,car; truck,13;53,180.0,40,computed_from_top_confusion_pairs
resclip,context59,4,2,track; train,50;51,246.0,40,computed_from_top_confusion_pairs
resclip,context59,5,2,book; shelves,8;43,78.0,40,computed_from_top_confusion_pairs
resclip,voc20,1,14,bicycle; boat; bottle; bus; car; chair; diningtable; horse; motorbike; person; pottedplant; sofa; train; tvmonitor,1;3;4;5;6;8;10;12;13;14;15;17;18;19,321.0,40,computed_from_top_confusion_pairs
resclip,voc20,2,2,bird; sheep,2;16,2.0,40,computed_from_top_confusion_pairs
sclip,ade20k,1,8,wall; building; ceiling; windowpane; house; wardrobe; hovel; light,0;1;5;8;25;35;79;82,2096.0,40,computed_from_top_confusion_pairs
sclip,ade20k,2,4,bed; table; cushion; pillow,7;15;39;57,512.0,40,computed_from_top_confusion_pairs
sclip,ade20k,3,3,road; sidewalk; people,6;11;12,370.0,40,computed_from_top_confusion_pairs
sclip,ade20k,4,3,sky; tree; land,2;4;94,630.0,40,computed_from_top_confusion_pairs
sclip,ade20k,5,2,cabinet; kitchenisland,10;73,151.0,40,computed_from_top_confusion_pairs
sclip,ade20k,6,2,grass; plant,9;17,176.0,40,computed_from_top_confusion_pairs
sclip,ade20k,7,2,floor; rug,3;28,372.0,40,computed_from_top_confusion_pairs
sclip,ade847,1,17,"wall; building, edifice; sky; road, route; floor, flooring; bed; sidewalk, pavement; person, individual, someone, somebody, mortal, soul; grass; table; house; rug, carpet, carpeting; wardrobe, closet, press; pillow; basket, handbasket; curb, curbing, kerb; pier",0;1;2;4;5;7;8;11;12;17;26;27;46;56;137;163;255,3207.0,40,computed_from_top_confusion_pairs
sclip,ade847,2,4,"tree; plant, flora, plant life; forest; jar",3;16;195;240,697.0,40,computed_from_top_confusion_pairs
sclip,ade847,3,3,"ceiling; light, light source; fluorescent, fluorescent fixture",6;82;219,250.0,40,computed_from_top_confusion_pairs
sclip,ade847,4,2,"cabinet; chest of drawers, chest, bureau, dresser",10;68,57.0,40,computed_from_top_confusion_pairs
sclip,coco_stuff164k,1,10,bridge; building-other; clothes; desk-stuff; door-stuff; furniture-other; gravel; shelf; towel; window-other,83;84;93;98;100;111;113;144;156;169,2469.0,40,computed_from_top_confusion_pairs
sclip,coco_stuff164k,2,7,bush; carpet; counter; leaves; sea; wall-brick; wall-concrete,85;89;95;117;143;159;160,1769.0,40,computed_from_top_confusion_pairs
sclip,coco_stuff164k,3,3,bed; floor-tile; structural-other,59;105;152,441.0,40,computed_from_top_confusion_pairs
sclip,coco_stuff164k,4,2,floor-marble; floor-stone,102;104,205.0,40,computed_from_top_confusion_pairs
sclip,coco_stuff164k,5,2,fire hydrant; mat,10;119,223.0,40,computed_from_top_confusion_pairs
sclip,coco_stuff164k,6,2,paper; river,127;136,480.0,40,computed_from_top_confusion_pairs
sclip,coco_stuff164k,7,2,spoon; fog,44;108,247.0,40,computed_from_top_confusion_pairs
sclip,coco_stuff164k,8,2,cake; fruit,55;110,94.0,40,computed_from_top_confusion_pairs
sclip,context459,1,11,ceiling; cow; cup; forceps; grass; ground; heater; road; sky; tree; water,67;97;103;163;186;188;201;323;359;419;444,6670.0,40,computed_from_top_confusion_pairs
sclip,context459,2,5,baby carriage; bird nest; cloth; grandstand; person,7;27;79;185;283,1333.0,40,computed_from_top_confusion_pairs
sclip,context459,3,3,closet; glove; wall,78;183;439,1185.0,40,computed_from_top_confusion_pairs
sclip,context459,4,2,chicken; floor,73;157,438.0,40,computed_from_top_confusion_pairs
sclip,context459,5,2,aeroplane; motorbike,1;257,389.0,40,computed_from_top_confusion_pairs
sclip,context459,6,2,cabinet door; pole,46;302,218.0,40,computed_from_top_confusion_pairs
sclip,context459,7,2,dock; sofa,111;367,457.0,40,computed_from_top_confusion_pairs
sclip,context459,8,2,fan; table,140;396,451.0,40,computed_from_top_confusion_pairs
sclip,context459,9,2,fly; train,159;415,427.0,40,computed_from_top_confusion_pairs
sclip,context459,10,2,building; controller,43;89,678.0,40,computed_from_top_confusion_pairs
sclip,context59,1,13,building; cabinet; ceiling; door; floor; grass; ground; road; sidewalk; sky; tree; wall; wood,10;12;15;23;25;28;29;40;44;46;52;55;58,6012.0,40,computed_from_top_confusion_pairs
sclip,context59,2,2,chair; table,16;49,92.0,40,computed_from_top_confusion_pairs
sclip,context59,3,2,cloth; people,17;36,305.0,40,computed_from_top_confusion_pairs
sclip,context59,4,2,food; plate,27;37,83.0,40,computed_from_top_confusion_pairs
sclip,context59,5,2,track; train,50;51,244.0,40,computed_from_top_confusion_pairs
sclip,voc20,1,16,aeroplane; bicycle; bird; boat; bottle; bus; car; chair; diningtable; horse; motorbike; person; pottedplant; sofa; train; tvmonitor,0;1;2;3;4;5;6;8;10;12;13;14;15;17;18;19,401.0,40,computed_from_top_confusion_pairs
