method,dataset,scale_bin,n_components,mean_component_iou,component_recall_at_05,component_recall_at_075,mean_component_area_px,status
corrclip,ade20k,large,8993,0.46593596067681686,0.4914933837429111,0.35316357166685197,44163.27832758812,computed_from_gt_connected_components_and_prediction_maps
corrclip,ade20k,medium,12588,0.15061908797296217,0.12877343501747696,0.07189386717508739,3564.4003018748012,computed_from_gt_connected_components_and_prediction_maps
corrclip,ade20k,small,12367,0.02094235613170608,0.012775935958599499,0.005498504083447885,441.9476024904989,computed_from_gt_connected_components_and_prediction_maps
corrclip,ade847,large,16215,0.2408977274273801,0.24508171446191798,0.1665741597286463,132695.35454825778,computed_from_gt_connected_components_and_prediction_maps
corrclip,ade847,medium,18951,0.0592908948232144,0.053031502295393385,0.02854730621075405,3509.2816737903013,computed_from_gt_connected_components_and_prediction_maps
corrclip,ade847,small,22860,0.007321601929437419,0.005380577427821522,0.0023184601924759406,416.77484689413825,computed_from_gt_connected_components_and_prediction_maps
corrclip,coco_stuff164k,large,20960,0.3585838094265637,0.3737595419847328,0.2633110687022901,49175.8848759542,computed_from_gt_connected_components_and_prediction_maps
corrclip,coco_stuff164k,medium,28012,0.09940257396567867,0.07875196344423818,0.04062544623732686,3523.5655790375554,computed_from_gt_connected_components_and_prediction_maps
corrclip,coco_stuff164k,small,26522,0.018468725637421354,0.0098408868109494,0.0041097956413543475,454.7681547394616,computed_from_gt_connected_components_and_prediction_maps
corrclip,context459,large,19446,0.22671619474043803,0.23860948266995782,0.18348246426000206,42021.225136274814,computed_from_gt_connected_components_and_prediction_maps
corrclip,context459,medium,24333,0.08369057295688388,0.07080918916697489,0.03916492006739818,3504.4419923560595,computed_from_gt_connected_components_and_prediction_maps
corrclip,context459,small,22447,0.015648170247690944,0.0100681605559763,0.004232191384149329,466.1961509333096,computed_from_gt_connected_components_and_prediction_maps
corrclip,context59,large,17758,0.5730717676102047,0.6051920261290686,0.46514247099898637,42818.90618312873,computed_from_gt_connected_components_and_prediction_maps
corrclip,context59,medium,19212,0.1825712537999075,0.14579429523214657,0.0818759108890277,3579.6105038517594,computed_from_gt_connected_components_and_prediction_maps
corrclip,context59,small,16814,0.029593169607767374,0.017782800047579397,0.008207446175805875,464.0261091947187,computed_from_gt_connected_components_and_prediction_maps
corrclip,voc20,large,1625,0.7646513392441077,0.7673846153846153,0.64,36363.200615384616,computed_from_gt_connected_components_and_prediction_maps
corrclip,voc20,medium,1457,0.34112680269906437,0.2862045298558682,0.19766643788606725,3759.997940974605,computed_from_gt_connected_components_and_prediction_maps
corrclip,voc20,small,1463,0.08489655470905294,0.047163362952836636,0.02939166097060834,417.12166780587836,computed_from_gt_connected_components_and_prediction_maps
naclip,ade20k,large,8993,0.35602856392896803,0.3480484821527855,0.16712998999221618,44163.27832758812,computed_from_gt_connected_components_and_prediction_maps
naclip,ade20k,medium,12588,0.11189968778287189,0.07197330791229743,0.017238639974578963,3564.4003018748012,computed_from_gt_connected_components_and_prediction_maps
naclip,ade20k,small,12367,0.022177904321956602,0.007034850812646559,0.001536346729198674,441.9476024904989,computed_from_gt_connected_components_and_prediction_maps
naclip,ade847,large,16215,0.18383838551963957,0.1469010175763182,0.057107616404563674,132695.35454825778,computed_from_gt_connected_components_and_prediction_maps
naclip,ade847,medium,18951,0.04767636171832956,0.02553954936414965,0.005962746029233286,3509.2816737903013,computed_from_gt_connected_components_and_prediction_maps
naclip,ade847,small,22860,0.006432919636300186,0.0017060367454068241,0.00021872265966754156,416.77484689413825,computed_from_gt_connected_components_and_prediction_maps
naclip,coco_stuff164k,large,20960,0.3145359837525558,0.30920801526717556,0.14952290076335878,49175.8848759542,computed_from_gt_connected_components_and_prediction_maps
naclip,coco_stuff164k,medium,28012,0.09217964292434781,0.059117521062401826,0.018884763672711694,3523.5655790375554,computed_from_gt_connected_components_and_prediction_maps
naclip,coco_stuff164k,small,26522,0.022179857805061688,0.009162204961918408,0.0025639092074504185,454.7681547394616,computed_from_gt_connected_components_and_prediction_maps
naclip,context459,large,19446,0.17546009604060092,0.18250539956803455,0.10588295793479378,42021.225136274814,computed_from_gt_connected_components_and_prediction_maps
naclip,context459,medium,24333,0.06008084233232105,0.04126083918957794,0.012493321826326387,3504.4419923560595,computed_from_gt_connected_components_and_prediction_maps
naclip,context459,small,22447,0.011592348954509809,0.004365839533122466,0.0008464382768298659,466.1961509333096,computed_from_gt_connected_components_and_prediction_maps
naclip,context59,large,17758,0.47553819700210814,0.4905394751661223,0.2888838833201937,42818.90618312873,computed_from_gt_connected_components_and_prediction_maps
naclip,context59,medium,19212,0.13764511939615723,0.08806995627732667,0.025296689569019364,3579.6105038517594,computed_from_gt_connected_components_and_prediction_maps
naclip,context59,small,16814,0.024739188955297267,0.009872725110027358,0.0018437016771737837,464.0261091947187,computed_from_gt_connected_components_and_prediction_maps
naclip,voc20,large,1625,0.7129031102625589,0.7323076923076923,0.5643076923076923,36363.200615384616,computed_from_gt_connected_components_and_prediction_maps
naclip,voc20,medium,1457,0.3140259203350811,0.2573781743308167,0.14962251201098148,3759.997940974605,computed_from_gt_connected_components_and_prediction_maps
naclip,voc20,small,1463,0.07248165473303013,0.032809295967190705,0.014354066985645933,417.12166780587836,computed_from_gt_connected_components_and_prediction_maps
proxyclip,ade20k,large,8993,0.33623418886378476,0.33703991993772936,0.17680418102968976,44163.27832758812,computed_from_gt_connected_components_and_prediction_maps
proxyclip,ade20k,medium,12588,0.09990937965927714,0.06315538608198284,0.01644423260247855,3564.4003018748012,computed_from_gt_connected_components_and_prediction_maps
proxyclip,ade20k,small,12367,0.01975922130709213,0.00582194550012129,0.0006468828333468101,441.9476024904989,computed_from_gt_connected_components_and_prediction_maps
proxyclip,ade847,large,16215,0.18172322467544802,0.1677459142769041,0.08270120259019427,132695.35454825778,computed_from_gt_connected_components_and_prediction_maps
proxyclip,ade847,medium,18951,0.044535879889283744,0.029338821170386786,0.008126220252229433,3509.2816737903013,computed_from_gt_connected_components_and_prediction_maps
proxyclip,ade847,small,22860,0.006157266661213763,0.002668416447944007,0.00021872265966754156,416.77484689413825,computed_from_gt_connected_components_and_prediction_maps
proxyclip,coco_stuff164k,large,20960,0.30744482759090874,0.3087309160305344,0.16498091603053436,49175.8848759542,computed_from_gt_connected_components_and_prediction_maps
proxyclip,coco_stuff164k,medium,28012,0.07362222529087865,0.04390975296301585,0.012887333999714408,3523.5655790375554,computed_from_gt_connected_components_and_prediction_maps
proxyclip,coco_stuff164k,small,26522,0.01706278786181273,0.0071638639619938166,0.0015081818867355404,454.7681547394616,computed_from_gt_connected_components_and_prediction_maps
proxyclip,context459,large,19446,0.17967784984021257,0.1916075285405739,0.1165792450889643,42021.225136274814,computed_from_gt_connected_components_and_prediction_maps
proxyclip,context459,medium,24333,0.05543577552698054,0.03776764065261168,0.012246743106069945,3504.4419923560595,computed_from_gt_connected_components_and_prediction_maps
proxyclip,context459,small,22447,0.010647672477413207,0.004098543235176192,0.0008464382768298659,466.1961509333096,computed_from_gt_connected_components_and_prediction_maps
proxyclip,context59,large,17758,0.46456554747534157,0.4824867665277621,0.2989638472800991,42818.90618312873,computed_from_gt_connected_components_and_prediction_maps
proxyclip,context59,medium,19212,0.11631501476271462,0.07198625858838226,0.020299812617114305,3579.6105038517594,computed_from_gt_connected_components_and_prediction_maps
proxyclip,context59,small,16814,0.020098703562090814,0.0067800642321874625,0.0008921137147615083,464.0261091947187,computed_from_gt_connected_components_and_prediction_maps
proxyclip,voc20,large,1625,0.7214771446457702,0.7316923076923076,0.579076923076923,36363.200615384616,computed_from_gt_connected_components_and_prediction_maps
proxyclip,voc20,medium,1457,0.31045719193572474,0.2539464653397392,0.15099519560741248,3759.997940974605,computed_from_gt_connected_components_and_prediction_maps
proxyclip,voc20,small,1463,0.07494851936391977,0.03827751196172249,0.0177717019822283,417.12166780587836,computed_from_gt_connected_components_and_prediction_maps
resclip,ade20k,large,8993,0.3190486070841537,0.30468141888135214,0.12531969309462915,44163.27832758812,computed_from_gt_connected_components_and_prediction_maps
resclip,ade20k,medium,12588,0.09399701745219613,0.04861773117254528,0.00794407372100413,3564.4003018748012,computed_from_gt_connected_components_and_prediction_maps
resclip,ade20k,small,12367,0.019095100500026184,0.004851621250101076,0.0007277431875151613,441.9476024904989,computed_from_gt_connected_components_and_prediction_maps
resclip,ade847,large,16215,0.1718890107710403,0.14320074005550415,0.05464076472402097,132695.35454825778,computed_from_gt_connected_components_and_prediction_maps
resclip,ade847,medium,18951,0.040031621679849944,0.020104479974671522,0.0027966861907023377,3509.2816737903013,computed_from_gt_connected_components_and_prediction_maps
resclip,ade847,small,22860,0.006356030854216884,0.002012248468941382,4.374453193350831e-05,416.77484689413825,computed_from_gt_connected_components_and_prediction_maps
resclip,coco_stuff164k,large,20960,0.29621381467956265,0.2858301526717557,0.1202767175572519,49175.8848759542,computed_from_gt_connected_components_and_prediction_maps
resclip,coco_stuff164k,medium,28012,0.07764395442964268,0.0420177066971298,0.007425389118949022,3523.5655790375554,computed_from_gt_connected_components_and_prediction_maps
resclip,coco_stuff164k,small,26522,0.017610054320820134,0.006485182112962823,0.0012065455093884323,454.7681547394616,computed_from_gt_connected_components_and_prediction_maps
resclip,context459,large,19446,0.1668271545591129,0.1749974287771264,0.09096986526792142,42021.225136274814,computed_from_gt_connected_components_and_prediction_maps
resclip,context459,medium,24333,0.05372845794386331,0.03353470595487609,0.006246660913163194,3504.4419923560595,computed_from_gt_connected_components_and_prediction_maps
resclip,context459,small,22447,0.010973073709629367,0.004276740767140375,0.0003563950639283646,466.1961509333096,computed_from_gt_connected_components_and_prediction_maps
resclip,context59,large,17758,0.4376216524469245,0.4497128054961144,0.22823516161729926,42818.90618312873,computed_from_gt_connected_components_and_prediction_maps
resclip,context59,medium,19212,0.11593543026140367,0.06225275869248387,0.009941703102227775,3579.6105038517594,computed_from_gt_connected_components_and_prediction_maps
resclip,context59,small,16814,0.019730761726556967,0.005471630783870584,0.0006542167241584394,464.0261091947187,computed_from_gt_connected_components_and_prediction_maps
resclip,voc20,large,1625,0.7070933100567232,0.7206153846153847,0.548923076923077,36363.200615384616,computed_from_gt_connected_components_and_prediction_maps
resclip,voc20,medium,1457,0.31078281204433433,0.25051475634866166,0.14687714481811942,3759.997940974605,computed_from_gt_connected_components_and_prediction_maps
resclip,voc20,small,1463,0.08288990220215296,0.04442925495557074,0.025974025974025976,417.12166780587836,computed_from_gt_connected_components_and_prediction_maps
sclip,ade20k,large,8993,0.2631605546081493,0.24874902702101634,0.07672634271099744,44163.27832758812,computed_from_gt_connected_components_and_prediction_maps
sclip,ade20k,medium,12588,0.06710301505712342,0.030028598665395614,0.0038131553860819827,3564.4003018748012,computed_from_gt_connected_components_and_prediction_maps
sclip,ade20k,small,12367,0.01313894556860982,0.004043017708417563,0.00024258106250505377,441.9476024904989,computed_from_gt_connected_components_and_prediction_maps
sclip,ade847,large,16215,0.13662409523692065,0.11057662658032685,0.03317915510329941,132695.35454825778,computed_from_gt_connected_components_and_prediction_maps
sclip,ade847,medium,18951,0.028591215729018838,0.013033613001952403,0.0013191915993878952,3509.2816737903013,computed_from_gt_connected_components_and_prediction_maps
sclip,ade847,small,22860,0.004151000625742372,0.001268591426071741,0.0,416.77484689413825,computed_from_gt_connected_components_and_prediction_maps
sclip,coco_stuff164k,large,20960,0.27510533734623865,0.25806297709923665,0.0984732824427481,49175.8848759542,computed_from_gt_connected_components_and_prediction_maps
sclip,coco_stuff164k,medium,28012,0.06970426110099734,0.0361273739825789,0.006390118520634014,3523.5655790375554,computed_from_gt_connected_components_and_prediction_maps
sclip,coco_stuff164k,small,26522,0.018207359964529657,0.006334363924289269,0.0011688409622200436,454.7681547394616,computed_from_gt_connected_components_and_prediction_maps
sclip,context459,large,19446,0.16330932985592447,0.16805512701840997,0.08413041242414893,42021.225136274814,computed_from_gt_connected_components_and_prediction_maps
sclip,context459,medium,24333,0.045133787066124684,0.024986643652652775,0.0034521020835901863,3504.4419923560595,computed_from_gt_connected_components_and_prediction_maps
sclip,context459,small,22447,0.00865330878065363,0.0028957098944179622,0.00022274691495522786,466.1961509333096,computed_from_gt_connected_components_and_prediction_maps
sclip,context59,large,17758,0.4047929739865085,0.41277170852573486,0.18476179749971844,42818.90618312873,computed_from_gt_connected_components_and_prediction_maps
sclip,context59,medium,19212,0.09054975674275483,0.0429419113054341,0.004788673745575682,3579.6105038517594,computed_from_gt_connected_components_and_prediction_maps
sclip,context59,small,16814,0.013922633692194045,0.00321160937314143,0.00017842274295230164,464.0261091947187,computed_from_gt_connected_components_and_prediction_maps
sclip,voc20,large,1625,0.7024705361899639,0.7101538461538461,0.5452307692307692,36363.200615384616,computed_from_gt_connected_components_and_prediction_maps
sclip,voc20,medium,1457,0.28852425806971194,0.2244337680164722,0.13040494166094715,3759.997940974605,computed_from_gt_connected_components_and_prediction_maps
sclip,voc20,small,1463,0.07176176387046045,0.034859876965140126,0.021872863978127138,417.12166780587836,computed_from_gt_connected_components_and_prediction_maps
