method,dataset,gt_region_naming_top1,gt_text_localization_iou,proposal_oracle_iou,proposal_recall_at_05
naclip,Context-459,0.1983588687700599,0.2846288164983453,0.6738882527797332,0.7200690365166839
naclip,ADE-847,0.1095392077607114,0.1710113679780816,0.5711401979082498,0.606395401059912
scclip,Context-459,0.1983285895960758,0.2746392079325792,0.6738882527797332,0.7200690365166839
scclip,ADE-847,0.1095392077607114,0.1544644168603256,0.5711401979082498,0.606395401059912
cass,Context-459,0.198389147944044,0.2665115382695261,0.6738882527797332,0.7200690365166839
cass,ADE-847,0.1095392077607114,0.1415480276448078,0.5711401979082498,0.606395401059912
trident,Context-459,0.1984497062920123,0.280566916282535,0.6738882527797332,0.7200690365166839
trident,ADE-847,0.1091350040420371,0.157730168738454,0.5711401979082498,0.606395401059912
freeda,Context-459,0.2106522134076182,0.2607303365314143,0.673887020226565,0.7200387573426997
freeda,ADE-847,0.1293451899757478,0.1458086701301734,0.5711411928122254,0.606395401059912
sam_amg_siglip,Context-459,0.2917398413371283,0.137943374966997,0.6738882527797332,0.7200690365166839
sam_amg_siglip,ADE-847,0.191817120273062,0.1265597434835862,0.5711401979082498,0.606395401059912
