method,dataset,artifact_dir,processed_images,expected_images,missing_images,artifact_completeness,shape_mismatch_images,prediction_label_offset,raw_prediction_min_label,raw_prediction_max_label,raw_prediction_modes,possible_8bit_large_vocab_artifact,valid_pixels,prediction_coverage,invalid_prediction_rate,empty_prediction_image_rate,aggregate_prediction_entropy_bits,aggregate_prediction_entropy_normalized,mean_image_prediction_entropy_bits,unique_predicted_classes,predicted_class_coverage,include_biou
corrclip,ade20k,runs/artifacts/official_predictions/corrclip/ade20k,2000,2000,0,1.0,0,-1,1,150,L,False,448102043,1.0,0.0,0.0,5.516215218752968,0.7630866750061714,2.1966980248270205,149,0.9933333333333333,False
corrclip,ade847,runs/artifacts/official_predictions/corrclip/ade847,2000,2000,0,1.0,0,0,0,255,L,True,2229984081,1.0,0.0,0.0,6.003760928974316,0.6172759885314493,2.4992796975431757,255,0.3010625737898465,False
corrclip,coco_stuff164k,runs/artifacts/official_predictions/corrclip/coco_stuff164k,5000,5000,0,1.0,0,-1,0,170,L,False,1142210042,0.9977697578323339,0.002230242167666041,0.0018,6.373238788134268,0.8591757217260205,1.9208110095420903,169,0.9883040935672515,False
corrclip,context459,runs/artifacts/official_predictions/corrclip/context459,5105,5105,0,1.0,0,0,0,255,L,True,913497350,1.0,0.0,0.0,5.898999673925124,0.6671302815228275,2.0368941484253176,253,0.55119825708061,False
corrclip,context59,runs/artifacts/official_predictions/corrclip/context59,5105,5105,0,1.0,0,-1,1,59,L,False,837447283,1.0,0.0,0.0,5.149113718877899,0.8753061635171767,1.7019611538305413,59,1.0,False
corrclip,voc20,runs/artifacts/official_predictions/corrclip/voc20,1449,1449,0,1.0,0,-1,1,20,L,False,65340659,1.0,0.0,0.0,4.019871694915512,0.9301107299010437,0.30016071479541195,20,1.0,False
naclip,ade20k,runs/artifacts/official_predictions/naclip/ade20k,2000,2000,0,1.0,0,-1,1,150,L,False,448102043,1.0,0.0,0.0,5.663432456491468,0.7834519994169296,2.56102322514014,150,1.0,False
naclip,ade847,runs/artifacts/official_predictions/naclip/ade847,2000,2000,0,1.0,0,0,0,255,L,True,2229984081,1.0,0.0,0.0,6.503189438378524,0.6686246732126593,3.3002856513687746,256,0.3022432113341204,False
naclip,coco_stuff164k,runs/artifacts/official_predictions/naclip/coco_stuff164k,5000,5000,0,1.0,0,-1,0,170,L,False,1142210042,0.9989676601004703,0.0010323398995296174,0.0016,6.39188068302268,0.8616888338229518,2.421188886629777,170,0.9941520467836257,False
naclip,context459,runs/artifacts/official_predictions/naclip/context459,5105,5105,0,1.0,0,0,0,255,L,True,913497350,1.0,0.0,0.0,6.089310520645556,0.6886529354925591,2.6531570970367144,255,0.5555555555555556,False
naclip,context59,runs/artifacts/official_predictions/naclip/context59,5105,5105,0,1.0,0,-1,1,59,L,False,837447283,1.0,0.0,0.0,5.152684542635363,0.8759131736191837,2.001964722316488,59,1.0,False
naclip,voc20,runs/artifacts/official_predictions/naclip/voc20,1449,1449,0,1.0,0,-1,1,20,L,False,65340659,1.0,0.0,0.0,4.032543630405233,0.9330427396919312,0.5224411029682775,20,1.0,False
proxyclip,ade20k,runs/artifacts/official_predictions/proxyclip/ade20k,2000,2000,0,1.0,0,-1,1,150,L,False,448102043,1.0,0.0,0.0,5.73215231553625,0.7929583741078775,2.357957119399747,150,1.0,False
proxyclip,ade847,runs/artifacts/official_predictions/proxyclip/ade847,2000,2000,0,1.0,0,0,0,255,L,True,2229984081,1.0,0.0,0.0,6.400634310196843,0.6580804795187022,2.921155244461444,256,0.3022432113341204,False
proxyclip,coco_stuff164k,runs/artifacts/official_predictions/proxyclip/coco_stuff164k,5000,5000,0,1.0,0,-1,0,170,L,False,1142210042,0.9989708670412828,0.0010291329587172374,0.0016,6.460627334877266,0.8709565634949327,2.0858009825458645,170,0.9941520467836257,False
proxyclip,context459,runs/artifacts/official_predictions/proxyclip/context459,5105,5105,0,1.0,0,0,0,255,L,True,913497350,1.0,0.0,0.0,6.213552936788156,0.7027037716749482,2.4719678035326385,256,0.5577342047930284,False
proxyclip,context59,runs/artifacts/official_predictions/proxyclip/context59,5105,5105,0,1.0,0,-1,1,59,L,False,837447283,1.0,0.0,0.0,5.226382420389118,0.8884411949754599,1.810951783634257,59,1.0,False
proxyclip,voc20,runs/artifacts/official_predictions/proxyclip/voc20,1449,1449,0,1.0,0,-1,1,20,L,False,65340659,1.0,0.0,0.0,4.064413895456427,0.9404168246724043,0.4500605360016002,20,1.0,False
resclip,ade20k,runs/artifacts/official_predictions/resclip/ade20k,2000,2000,0,1.0,0,-1,1,150,L,False,448102043,1.0,0.0,0.0,5.796634723951518,0.8018785602649944,2.5241710401160087,150,1.0,False
resclip,ade847,runs/artifacts/official_predictions/resclip/ade847,2000,2000,0,1.0,0,0,0,255,L,True,2229984081,1.0,0.0,0.0,6.492277296080027,0.6675027425588597,3.1461422382646593,256,0.3022432113341204,False
resclip,coco_stuff164k,runs/artifacts/official_predictions/resclip/coco_stuff164k,5000,5000,0,1.0,0,-1,0,170,L,False,1142210042,0.9989407018363441,0.0010592981636559627,0.0016,6.5034380052079666,0.8767278659365476,2.324498768220519,170,0.9941520467836257,False
resclip,context459,runs/artifacts/official_predictions/resclip/context459,5105,5105,0,1.0,0,0,0,255,L,True,913497350,1.0,0.0,0.0,6.229960322309756,0.704559317416112,2.6590175782597494,256,0.5577342047930284,False
resclip,context59,runs/artifacts/official_predictions/resclip/context59,5105,5105,0,1.0,0,-1,1,59,L,False,837447283,1.0,0.0,0.0,5.243519373722776,0.8913543333708819,1.944370099451417,59,1.0,False
resclip,voc20,runs/artifacts/official_predictions/resclip/voc20,1449,1449,0,1.0,0,-1,1,20,L,False,65340659,1.0,0.0,0.0,4.098075721487012,0.9482054378310557,0.48911377733214395,20,1.0,False
sclip,ade20k,runs/artifacts/official_predictions/sclip/ade20k,2000,2000,0,1.0,0,-1,1,150,L,False,448102043,1.0,0.0,0.0,5.808706144472444,0.8035484625045949,2.461362469392287,150,1.0,False
sclip,ade847,runs/artifacts/official_predictions/sclip/ade847,2000,2000,0,1.0,0,0,0,255,L,True,2229984081,1.0,0.0,0.0,6.605950223299785,0.6791900114806132,3.1913454062797655,256,0.3022432113341204,False
sclip,coco_stuff164k,runs/artifacts/official_predictions/sclip/coco_stuff164k,5000,5000,0,1.0,0,-1,0,170,L,False,1142210042,0.998380913376701,0.0016190866232990097,0.0016,6.408313989295709,0.8639042062963261,2.4933883751367882,170,0.9941520467836257,False
sclip,context459,runs/artifacts/official_predictions/sclip/context459,5105,5105,0,1.0,0,0,0,255,L,True,913497350,1.0,0.0,0.0,6.264440556484616,0.7084587596272592,2.7677765494553928,256,0.5577342047930284,False
sclip,context59,runs/artifacts/official_predictions/sclip/context59,5105,5105,0,1.0,0,-1,1,59,L,False,837447283,1.0,0.0,0.0,5.244312567390017,0.8914891696444046,1.9538680097808345,59,1.0,False
sclip,voc20,runs/artifacts/official_predictions/sclip/voc20,1449,1449,0,1.0,0,-1,1,20,L,False,65340659,1.0,0.0,0.0,4.091287944097852,0.9466348940274256,0.49169428203870086,20,1.0,False
