method,dataset,artifact_dir,processed_images,expected_images,missing_images,artifact_completeness,shape_mismatch_images,prediction_label_offset,raw_prediction_min_label,raw_prediction_max_label,raw_prediction_modes,possible_8bit_large_vocab_artifact,valid_pixels,prediction_coverage,invalid_prediction_rate,empty_prediction_image_rate,aggregate_prediction_entropy_bits,aggregate_prediction_entropy_normalized,mean_image_prediction_entropy_bits,unique_predicted_classes,predicted_class_coverage,include_biou,mean_semantic_biou,biou_images,biou_radius
corrclip,ade20k,runs/artifacts/official_predictions/corrclip/ade20k,200,200,0,1.0,0,-1,1,150,L,False,48616180,1.0,0.0,0.0,5.220788976712843,0.7222188299696736,2.424357378878398,140,0.9333333333333333,True,0.11203051563705321,200,2
corrclip,ade847,runs/artifacts/official_predictions/corrclip/ade847,200,200,0,1.0,0,0,0,255,L,True,216197232,1.0,0.0,0.0,5.4571994495922045,0.5610813329696992,2.716442984380247,235,0.27744982290436837,True,0.030038614923292434,200,2
corrclip,coco_stuff164k,runs/artifacts/official_predictions/corrclip/coco_stuff164k,200,200,0,1.0,0,-1,0,170,L,False,44436334,0.9979789061806944,0.002021093819305616,0.0,6.2650302601810655,0.8445881402479508,1.9230123431002495,165,0.9649122807017544,True,0.07443639277994339,200,2
corrclip,context459,runs/artifacts/official_predictions/corrclip/context459,200,200,0,1.0,0,0,1,253,L,True,35115814,1.0,0.0,0.0,5.815465311122688,0.6576832047210521,2.105472724968277,209,0.4553376906318083,True,0.0280059399189846,200,2
corrclip,context59,runs/artifacts/official_predictions/corrclip/context59,200,200,0,1.0,0,-1,1,59,L,False,32640588,1.0,0.0,0.0,4.878563331941968,0.8293148659548878,1.762337245745541,59,1.0,True,0.1358548120723543,200,2
corrclip,voc20,runs/artifacts/official_predictions/corrclip/voc20,200,200,0,1.0,0,-1,1,20,L,False,9086598,1.0,0.0,0.0,3.9131427615471397,0.9054159800058227,0.4164985475757829,20,1.0,True,0.5326963664958284,200,2
naclip,ade20k,runs/artifacts/official_predictions/naclip/ade20k,200,200,0,1.0,0,-1,1,150,L,False,48616180,1.0,0.0,0.0,5.3472023499896295,0.7397062478576044,2.734542661087224,149,0.9933333333333333,True,0.03781829266364704,200,2
naclip,ade847,runs/artifacts/official_predictions/naclip/ade847,200,200,0,1.0,0,0,0,255,L,True,216197232,1.0,0.0,0.0,6.01730629039775,0.618668653306343,3.5231503862384654,254,0.29988193624557263,True,0.008246497648762624,200,2
naclip,coco_stuff164k,runs/artifacts/official_predictions/naclip/coco_stuff164k,200,200,0,1.0,0,-1,0,170,L,False,44436334,0.9989422844827839,0.001057715517216159,0.0,6.2913058618089455,0.8481303516326003,2.384660622612104,169,0.9883040935672515,True,0.030259990095971377,200,2
naclip,context459,runs/artifacts/official_predictions/naclip/context459,200,200,0,1.0,0,0,0,255,L,True,35115814,1.0,0.0,0.0,6.146543983401187,0.6951255881847542,2.870061711391876,247,0.5381263616557734,True,0.008193659824058454,200,2
naclip,context59,runs/artifacts/official_predictions/naclip/context59,200,200,0,1.0,0,-1,1,59,L,False,32640588,1.0,0.0,0.0,5.0456358763674745,0.8577157978189469,2.155246014090045,59,1.0,True,0.04846500733937362,200,2
naclip,voc20,runs/artifacts/official_predictions/naclip/voc20,200,200,0,1.0,0,-1,1,20,L,False,9086598,1.0,0.0,0.0,3.961454059120785,0.9165941617138421,0.6477433041161883,20,1.0,True,0.21988980306624378,200,2
proxyclip,ade20k,runs/artifacts/official_predictions/proxyclip/ade20k,200,200,0,1.0,0,-1,1,150,L,False,48616180,1.0,0.0,0.0,5.325827633833162,0.7367493724576765,2.477659616476022,143,0.9533333333333334,True,0.04255498690596564,200,2
proxyclip,ade847,runs/artifacts/official_predictions/proxyclip/ade847,200,200,0,1.0,0,0,0,255,L,True,216197232,1.0,0.0,0.0,5.870793190370142,0.6036049257991587,3.124692678983593,251,0.29634002361275086,True,0.010414515588348449,200,2
proxyclip,coco_stuff164k,runs/artifacts/official_predictions/proxyclip/coco_stuff164k,200,200,0,1.0,0,-1,0,170,L,False,44436334,0.9988824010549565,0.0011175989450434862,0.0,6.340439808477791,0.8547540943627564,2.0464126658251867,168,0.9824561403508771,True,0.04210617602630392,200,2
proxyclip,context459,runs/artifacts/official_predictions/proxyclip/context459,200,200,0,1.0,0,0,0,255,L,True,35115814,1.0,0.0,0.0,6.2846666201054955,0.7107461677071647,2.6892200600464515,244,0.5315904139433552,True,0.009857975874654026,200,2
proxyclip,context59,runs/artifacts/official_predictions/proxyclip/context59,200,200,0,1.0,0,-1,1,59,L,False,32640588,1.0,0.0,0.0,5.119289560899601,0.8702363066980495,2.0139940140832233,59,1.0,True,0.0510334594871781,200,2
proxyclip,voc20,runs/artifacts/official_predictions/proxyclip/voc20,200,200,0,1.0,0,-1,1,20,L,False,9086598,1.0,0.0,0.0,3.9794451193700557,0.920756901087168,0.5614413981041435,20,1.0,True,0.43074010678621455,200,2
resclip,ade20k,runs/artifacts/official_predictions/resclip/ade20k,200,200,0,1.0,0,-1,1,150,L,False,48616180,1.0,0.0,0.0,5.432971065544633,0.7515710793366078,2.6948461443140808,146,0.9733333333333334,True,0.02963404310060437,200,2
resclip,ade847,runs/artifacts/official_predictions/resclip/ade847,200,200,0,1.0,0,0,0,255,L,True,216197232,1.0,0.0,0.0,5.875120451605609,0.6040498326647645,3.34830182850173,252,0.2975206611570248,True,0.005463086479207036,200,2
resclip,coco_stuff164k,runs/artifacts/official_predictions/resclip/coco_stuff164k,200,200,0,1.0,0,-1,0,170,L,False,44436334,0.9984079019659903,0.0015920980340097363,0.0,6.373007770141424,0.8591445782121288,2.302524937159563,167,0.9766081871345029,True,0.036496813280056196,200,2
resclip,context459,runs/artifacts/official_predictions/resclip/context459,200,200,0,1.0,0,0,0,255,L,True,35115814,1.0,0.0,0.0,6.318779573895686,0.7146040734070446,2.8784463762325077,247,0.5381263616557734,True,0.005192272891394669,200,2
resclip,context59,runs/artifacts/official_predictions/resclip/context59,200,200,0,1.0,0,-1,1,59,L,False,32640588,1.0,0.0,0.0,5.151377663284571,0.8756910150860506,2.104759475853949,59,1.0,True,0.02827326448941663,200,2
resclip,voc20,runs/artifacts/official_predictions/resclip/voc20,200,200,0,1.0,0,-1,1,20,L,False,9086598,1.0,0.0,0.0,4.025767935265082,0.9314749914574877,0.5973065540958761,20,1.0,True,0.41898395709934083,200,2
sclip,ade20k,runs/artifacts/official_predictions/sclip/ade20k,200,200,0,1.0,0,-1,1,150,L,False,48616180,1.0,0.0,0.0,5.319756909114142,0.7359095776061328,2.561463813404221,147,0.98,True,0.01924260329647612,200,2
sclip,ade847,runs/artifacts/official_predictions/sclip/ade847,200,200,0,1.0,0,0,0,255,L,True,216197232,1.0,0.0,0.0,5.8589406696896145,0.6023863102503028,3.3522083995758765,254,0.29988193624557263,True,0.003115024928522905,200,2
sclip,coco_stuff164k,runs/artifacts/official_predictions/sclip/coco_stuff164k,200,200,0,1.0,0,-1,0,170,L,False,44436334,0.9974404279164883,0.00255957208351166,0.0,6.297024710706582,0.8489013091147234,2.4863364859264876,169,0.9883040935672515,True,0.019889736405544207,200,2
sclip,context459,runs/artifacts/official_predictions/sclip/context459,200,200,0,1.0,0,0,0,255,L,True,35115814,1.0,0.0,0.0,6.314946395017845,0.7141705711447534,2.9832972228796786,254,0.5533769063180828,True,0.0035391360509458695,200,2
sclip,context59,runs/artifacts/official_predictions/sclip/context59,200,200,0,1.0,0,-1,1,59,L,False,32640588,1.0,0.0,0.0,5.122107100815955,0.8707152648623835,2.102961816710925,59,1.0,True,0.02000606914832009,200,2
sclip,voc20,runs/artifacts/official_predictions/sclip/voc20,200,200,0,1.0,0,-1,1,20,L,False,9086598,1.0,0.0,0.0,4.009361055568089,0.9276787969496703,0.5981915149529695,20,1.0,True,0.3419512541918166,200,2
