method,dataset,variant,log_path,status,iter,total,progress_pct,aacc,miou,macc,sec_per_iter,peak_mem_mb,worst_class_iou,num_classes_logged,zero_class_iou_count,zero_class_iou_rate,class_iou_std,class_iou_p10,class_iou_p50,class_iou_p90,class_iou_gini,eta,family
cass,ade20k,single,runs/logs/official_cass_ade20k.log,complete,2000,2000,100.0,48.56,20.32,41.58,2.2049,,0.0,150,5,0.03333333333333333,16.68184966150003,1.129,17.884999999999998,43.58999999999999,0.4533890440053072,,clip_vfm
cass,ade847,single,runs/logs/official_cass_ade847.log,complete,2000,2000,100.0,33.53,7.19,20.72,3.5062,,0.0,815,364,0.4466257668711656,13.961867808494338,0.0,0.25,27.038,0.7913431796859209,,clip_vfm
cass,coco_stuff164k,single,runs/logs/official_cass_coco_stuff164k.log,complete,5000,5000,100.0,43.56,26.67,46.78,1.9929,,0.0,171,1,0.005847953216374269,20.84318746230519,3.01,23.11,57.79,0.43806861993407953,,clip_vfm
cass,context459,single,runs/logs/official_cass_context459.log,complete,5105,5105,100.0,47.82,8.38,32.26,2.1836,,0.0,458,198,0.43231441048034935,15.81325170273366,0.0,0.445,27.471000000000007,0.7798905931997062,,clip_vfm
cass,context59,single,runs/logs/official_cass_context59.log,complete,5105,5105,100.0,64.58,40.27,61.79,2.1003,,3.65,59,0,0.0,24.66593009477629,9.722,35.01,75.938,0.3499737950446491,,clip_vfm
cass,voc20,single,runs/logs/official_cass_voc20.log,complete,1449,1449,100.0,93.89,87.73,93.92,1.2813,,40.03,20,0,0.0,13.68796639388043,71.289,92.69,98.429,0.07258930403264374,,clip_vfm
corrclip,ade20k,datafix,runs/logs/official_corrclip_ade20k_datafix.log,complete,2000,2000,100.0,61.77,26.96,49.41,0.0807,,0.0,150,4,0.02666666666666667,20.652252876838613,3.3430000000000004,23.345,59.89699999999999,0.4264010021344804,,clip_vfm
corrclip,ade847,phase2_e2,runs/logs/official_corrclip_ade847_e2.log,complete,2000,2000,100.0,48.47,8.67,20.93,0.3358,,0.0,828,413,0.49879227053140096,17.51341351333931,0.0,0.01,32.36100000000002,0.8123071942996871,,clip_vfm
corrclip,coco_stuff164k,datafix,runs/logs/official_corrclip_coco_stuff164k_datafix.log,complete,5000,5000,100.0,48.64,32.22,50.58,0.0921,,0.0,171,1,0.005847953216374269,23.133708007322372,4.41,28.92,68.17,0.4059128462601511,,clip_vfm
corrclip,context459,phase2_e2,runs/logs/official_corrclip_context459_e2.log,complete,5105,5105,100.0,58.48,11.88,33.89,0.2484,,0.0,446,197,0.44170403587443946,20.398160121515343,0.0,0.3,41.265,0.7594240216862416,,clip_vfm
corrclip,context59,datafix,runs/logs/official_corrclip_context59_datafix.log,complete,5105,5105,100.0,72.6,48.68,69.39,0.0785,,1.42,59,0,0.0,26.21068076149568,15.926,42.72,87.412,0.3082399621558156,,clip_vfm
corrclip,voc20,officialnames,runs/logs/official_corrclip_voc20_officialnames_fixed.log,complete,1449,1449,100.0,94.53,88.78,94.5,0.0758,,49.71,20,0,0.0,11.687723677004003,76.873,92.63,97.93100000000001,0.06374451621623112,,clip_vfm
freeda,ade20k,official_repo,runs/freeda/ade20k150/log.txt,complete,2000,2000,100.0,48.37,23.19,47.96,,,0.0,150,2,0.013333333333333334,19.391113522665204,1.7770000000000001,19.07,53.485,0.4616288173910217,,diffusion_reference
freeda,ade847,official_repo,runs/freeda/ade847/log.txt,complete,2000,2000,100.0,28.08,3.93,22.85,,,0.0,834,606,0.7266187050359713,10.099604671593942,0.0,0.0,14.049000000000028,0.8737369713143508,,diffusion_reference
freeda,coco_stuff164k,official_repo,runs/freeda/coco_stuff171/log.txt,complete,5000,5000,100.0,44.31,28.8,52.61,,,0.0,171,2,0.011695906432748537,22.35612297237315,3.12,23.87,63.1,0.43777937891554797,,diffusion_reference
freeda,context459,official_repo,runs/freeda/context459/log.txt,complete,5105,5105,100.0,21.33,4.27,20.14,,,0.0,459,314,0.6840958605664488,12.155861720603204,0.0,0.0,14.228,0.8919973191020607,,diffusion_reference
freeda,context59,official_repo,runs/freeda/context59/log.txt,complete,5105,5105,100.0,66.03,43.42,64.6,,,2.0,59,0,0.0,24.160399458249632,16.240000000000002,42.03,76.30000000000001,0.3186918351839889,,diffusion_reference
freeda,voc20,official_repo,runs/freeda/voc20/log.txt,complete,1449,1449,100.0,93.01,86.19,93.32,,,37.34,20,0,0.0,13.90177988604337,78.254,90.42,96.705,0.0736797224864838,,diffusion_reference
naclip,ade20k,datafix,runs/logs/official_naclip_ade20k_datafix.log,complete,2000,2000,100.0,48.19,19.12,39.35,0.478,,0.0,150,7,0.04666666666666667,15.789727415703611,0.714,16.58,40.579,0.4515198733351702,,clip_dense
naclip,ade847,phase2_e2,runs/logs/official_naclip_ade847_e2.log,complete,2000,2000,100.0,33.85,6.01,20.16,1.9217,,0.0,822,298,0.36253041362530414,11.09881764719467,0.0,0.43,20.711999999999996,0.773947056989174,,clip_dense
naclip,coco_stuff164k,datafix,runs/logs/official_naclip_coco_stuff164k_datafix.log,complete,5000,5000,100.0,41.63,25.98,44.94,0.4071,,0.0,171,1,0.005847953216374269,20.405799266190876,2.35,22.94,55.16,0.43985276600254686,,clip_dense
naclip,context459,phase2_e2,runs/logs/official_naclip_context459_e2.log,complete,5105,5105,100.0,47.03,7.79,29.43,0.8143,,0.0,459,177,0.38562091503267976,14.610538397957287,0.0,0.63,24.589999999999996,0.7718626054586146,,clip_dense
naclip,context59,datafix,runs/logs/official_naclip_context59_datafix.log,complete,5105,5105,100.0,62.28,38.36,59.13,0.1373,,4.06,59,0,0.0,24.323530893516196,11.618000000000002,32.77,73.16,0.3601228501430922,,clip_dense
naclip,voc20,officialnames,runs/logs/official_naclip_voc20_officialnames_fixed.log,complete,1449,1449,100.0,91.25,83.03,90.79,0.0956,,47.18,20,0,0.0,11.774645684690475,67.448,87.5,92.877,0.07134486371903104,,clip_dense
ovdiff,voc20,official_repo_foreground,runs/logs/ovdiff_voc_predict.log,complete,1449,1449,100.0,,64.56162758939288,,,,22.90375255763837,20,0,0.0,20.60706220221582,33.60853739808572,68.9840926912295,85.00120288533853,0.17558205299963148,,diffusion_reference
proxyclip,ade20k,datafix,runs/logs/official_proxyclip_ade20k_datafix.log,complete,2000,2000,100.0,46.8,19.59,41.18,0.0568,,0.0,150,8,0.05333333333333334,16.339220882281996,0.7130000000000001,16.25,43.321,0.45560307151901336,,clip_vfm
proxyclip,ade847,phase2_e2,runs/logs/official_proxyclip_ade847_e2.log,complete,2000,2000,100.0,34.86,6.9,21.23,0.3546,,0.0,840,353,0.42023809523809524,13.495138920204617,0.0,0.235,26.227000000000007,0.7946905973219678,,clip_vfm
proxyclip,coco_stuff164k,datafix,runs/logs/official_proxyclip_coco_stuff164k_datafix.log,complete,5000,5000,100.0,42.96,26.68,47.55,0.0753,,0.0,171,2,0.011695906432748537,20.794170013797213,2.05,24.25,57.78,0.43656342575760987,,clip_vfm
proxyclip,context459,phase2_e2,runs/logs/official_proxyclip_context459_e2.log,complete,5105,5105,100.0,48.15,8.41,34.25,0.3974,,0.0,458,194,0.42358078602620086,15.545310229478142,0.0,0.39,27.830000000000002,0.7741250973902452,,clip_vfm
proxyclip,context59,datafix,runs/logs/official_proxyclip_context59_datafix.log,complete,5105,5105,100.0,62.85,39.31,61.81,0.0658,,3.62,59,0,0.0,24.489659499620533,9.754000000000001,34.45,74.506,0.3557187578713059,,clip_vfm
proxyclip,voc20,officialnames,runs/logs/official_proxyclip_voc20_officialnames.log,complete,1449,1449,100.0,89.06,80.33,90.0,0.0569,,41.76,20,0,0.0,14.783314073643973,62.159,84.995,94.155,0.09862513225866643,,clip_vfm
resclip,ade20k,datafix,runs/logs/official_resclip_ade20k_datafix.log,complete,2000,2000,100.0,45.13,18.07,40.33,0.2791,,0.0,150,7,0.04666666666666667,14.968744563107338,0.6270000000000001,15.100000000000001,40.370000000000005,0.4537563576621517,,clip_dense
resclip,ade847,phase2_e2,runs/logs/official_resclip_ade847_e2.log,complete,2000,2000,100.0,33.66,6.49,21.43,4.4533,,0.0,820,321,0.39146341463414636,12.293181142361082,0.0,0.395,22.648000000000007,0.7813035511006146,,clip_dense
resclip,coco_stuff164k,datafix,runs/logs/official_resclip_coco_stuff164k_datafix.log,complete,5000,5000,100.0,40.2,23.59,44.0,0.3497,,0.0,171,2,0.011695906432748537,18.45955045542314,2.46,21.85,50.27,0.4385618393969115,,clip_dense
resclip,context459,phase2_e2,runs/logs/official_resclip_context459_e2.log,complete,5105,5105,100.0,45.33,7.7,32.79,2.2704,,0.0,459,181,0.39433551198257083,14.229752113493788,0.0,0.66,23.303999999999988,0.7675660250221257,,clip_dense
resclip,context59,datafix,runs/logs/official_resclip_context59_datafix.log,complete,5105,5105,100.0,60.31,36.85,60.26,0.1616,,5.42,59,0,0.0,22.883573642684286,10.040000000000001,31.4,69.472,0.3533274118643601,,clip_dense
resclip,voc20,officialnames,runs/logs/official_resclip_voc20_officialnames.log,complete,1449,1449,100.0,91.49,82.31,90.99,0.1191,,41.77,20,0,0.0,12.763145811280227,67.467,86.425,94.12700000000001,0.07867773012768353,,clip_dense
scclip,ade20k,single,runs/logs/official_scclip_ade20k.log,complete,2000,2000,100.0,49.87,20.06,41.77,0.1486,,0.0,150,7,0.04666666666666667,16.419595163503068,0.683,17.64,40.53599999999999,0.45316872756282445,,clip_dense
scclip,ade847,single,runs/logs/official_scclip_ade847.log,complete,2000,2000,100.0,38.12,7.46,22.1,0.1862,,0.0,817,333,0.40758873929008566,13.969905095247906,0.0,0.39,25.21,0.7783592346786028,,clip_dense
scclip,coco_stuff164k,single,runs/logs/official_scclip_coco_stuff164k.log,complete,5000,5000,100.0,45.36,26.62,48.38,0.1686,,0.01,171,0,0.0,20.497060059057276,1.69,23.95,58.7,0.4312736624705409,,clip_dense
scclip,context459,single,runs/logs/official_scclip_context459.log,complete,5105,5105,100.0,49.5,8.34,33.13,0.0865,,0.0,458,190,0.4148471615720524,15.474953487207877,0.0,0.425,27.132,0.7731375695907514,,clip_dense
scclip,context59,single,runs/logs/official_scclip_context59.log,complete,5105,5105,100.0,65.02,40.21,62.65,0.1506,,4.05,59,0,0.0,23.750801124092565,12.648000000000001,37.38,73.58,0.3377843271809806,,clip_dense
scclip,voc20,single,runs/logs/official_scclip_voc20.log,complete,1449,1449,100.0,92.55,84.28,92.01,0.1221,,42.98,20,0,0.0,11.852194511988067,74.952,88.405,93.87500000000001,0.06758211770847589,,clip_dense
sclip,ade20k,datafix,runs/logs/official_sclip_ade20k_datafix.log,complete,2000,2000,100.0,38.72,16.46,37.08,0.0512,,0.0,150,5,0.03333333333333333,14.374612061393362,0.597,13.96,37.69,0.47837170144304064,,clip_dense
sclip,ade847,phase2_e2,runs/logs/official_sclip_ade847_e2.log,complete,2000,2000,100.0,28.33,5.67,19.72,0.2903,,0.0,822,322,0.39172749391727496,11.306448151789795,0.0,0.34,19.94299999999999,0.7946029023887418,,clip_dense
sclip,coco_stuff164k,datafix,runs/logs/official_sclip_coco_stuff164k_datafix.log,complete,5000,5000,100.0,38.33,22.86,41.77,0.1119,,0.0,171,1,0.005847953216374269,18.991865176479386,1.68,17.88,50.99,0.4577604599074787,,clip_dense
sclip,context459,phase2_e2,runs/logs/official_sclip_context459_e2.log,complete,5105,5105,100.0,43.18,6.68,30.14,0.137,,0.0,459,182,0.39651416122004357,13.484793163873766,0.0,0.46,19.15799999999998,0.7888195094796517,,clip_dense
sclip,context59,datafix,runs/logs/official_sclip_context59_datafix.log,complete,5105,5105,100.0,57.73,34.14,55.72,0.0513,,2.16,59,0,0.0,22.786402522169375,8.988000000000001,27.28,70.01400000000001,0.37718293976065875,,clip_dense
sclip,voc20,officialnames,runs/logs/official_sclip_voc20_officialnames.log,complete,1449,1449,100.0,91.02,81.53,90.29,0.0506,,42.61,20,0,0.0,13.01801325087665,66.75200000000001,86.07,93.694,0.08165008769885529,,clip_dense
trident,ade20k,single,runs/logs/official_trident_ade20k.log,complete,2000,2000,100.0,50.57,20.91,42.49,0.0736,,0.0,150,7,0.04666666666666667,17.109364924118804,0.8699999999999999,18.285,43.977,0.450335877765236,,clip_vfm
trident,ade847,single,runs/logs/official_trident_ade847.log,complete,2000,2000,100.0,34.4,7.45,21.38,0.1524,,0.0,831,391,0.470517448856799,14.861355792781184,0.0,0.11,27.42,0.8015678282339675,,clip_vfm
trident,coco_stuff164k,single,runs/logs/official_trident_coco_stuff164k.log,complete,5000,5000,100.0,44.83,27.62,48.74,0.0688,,0.0,171,2,0.011695906432748537,21.621005771188777,2.34,26.64,57.57,0.4383803974896474,,clip_vfm
trident,context459,single,runs/logs/official_trident_context459.log,complete,5105,5105,100.0,49.57,8.97,34.82,0.2159,,0.0,457,202,0.4420131291028446,16.278822105828702,0.0,0.4,30.168000000000003,0.7693566102447242,,clip_vfm
trident,context59,single,runs/logs/official_trident_context59.log,complete,5105,5105,100.0,64.96,40.99,63.57,0.0716,,2.61,59,0,0.0,24.580834686769794,10.748000000000001,37.38,75.912,0.34333189497876426,,clip_vfm
trident,voc20,single,runs/logs/official_trident_voc20.log,complete,1449,1449,100.0,90.61,83.7,92.18,0.0612,,42.62,20,0,0.0,15.720195323214021,63.694,90.935,97.55700000000002,0.09831308316308829,,clip_vfm
