method,method_group,dataset,processed_images,expected_images,missing_images,gt_class_regions,n_valid_classes,zero_iou_class_rate,n_valid_classes_union,zero_iou_class_rate_union,never_predicted_class_rate,predicted_but_zero_iou_class_rate,gt_region_naming_top1,gt_region_naming_top5,gt_text_localization_iou,gt_text_localization_biou,proposal_oracle_iou,proposal_recall_at_05,proposal_recall_at_075,localized_pairs_at_05,mismatch_pairs_at_05,localized_pairs_at_075,mismatch_pairs_at_075,mcmr_at_05,mcmr_at_075,biou_regions,diagnostic_source,artifact_gap
sclip,Dense-map TF methods,context459,5105,5105,0,33026,345,0.17681159420289855,459,0.3812636165577342,0.0,0.17681159420289855,0.3527826560891419,,0.23110340303671142,,0.3821545918569145,0.3158723430024829,0.11024647247623084,10432,2966,3641,514,0.28431748466257667,0.14117000823949463,0,proxy_from_dense_label_map,"Top-5 naming, true proposal recall, and MCC before/after need saved region scores/proposal masks/MCC rerank artifacts."
sclip,Dense-map TF methods,ade847,2000,2000,0,22266,756,0.3187830687830688,823,0.37424058323207776,0.009259259259259259,0.30952380952380953,0.20591933890236236,,0.12221480406331904,,0.26030791571453393,0.16136710679960478,0.03597413096200485,3593,1363,801,197,0.3793487336487615,0.2459425717852684,0,proxy_from_dense_label_map,"Top-5 naming, true proposal recall, and MCC before/after need saved region scores/proposal masks/MCC rerank artifacts."
naclip,Dense-map TF methods,context459,5105,5105,0,33026,345,0.16231884057971013,459,0.37037037037037035,0.008695652173913044,0.1536231884057971,0.3984436504572155,,0.28483531800125433,,0.457051427210856,0.42318173560225275,0.18848785805123236,13976,4531,6225,1149,0.3241986262163709,0.18457831325301205,0,proxy_from_dense_label_map,"Top-5 naming, true proposal recall, and MCC before/after need saved region scores/proposal masks/MCC rerank artifacts."
naclip,Dense-map TF methods,ade847,2000,2000,0,22266,756,0.2896825396825397,824,0.3483009708737864,0.010582010582010581,0.2791005291005291,0.29165543878559236,,0.17081420843300416,,0.31560554117130035,0.22159346088206233,0.06354980688044552,4934,1801,1415,323,0.3650182407782732,0.2282685512367491,0,proxy_from_dense_label_map,"Top-5 naming, true proposal recall, and MCC before/after need saved region scores/proposal masks/MCC rerank artifacts."
resclip,Dense-map TF methods,context459,5105,5105,0,33026,345,0.1826086956521739,459,0.38562091503267976,0.0,0.1826086956521739,0.38714951856113367,,0.26063556611213184,,0.4231871766148082,0.37630957427481376,0.1386786168473324,12428,3762,4580,712,0.3027035725780496,0.1554585152838428,0,proxy_from_dense_label_map,"Top-5 naming, true proposal recall, and MCC before/after need saved region scores/proposal masks/MCC rerank artifacts."
resclip,Dense-map TF methods,ade847,2000,2000,0,22266,756,0.32936507936507936,822,0.38321167883211676,0.018518518518518517,0.31084656084656087,0.2650678164016887,,0.15806668723508085,,0.30298731436015675,0.2130153597413096,0.05784604329470942,4743,1748,1288,266,0.36854311617119967,0.20652173913043478,0,proxy_from_dense_label_map,"Top-5 naming, true proposal recall, and MCC before/after need saved region scores/proposal masks/MCC rerank artifacts."
proxyclip,CLIP + VFM TF methods,context459,5105,5105,0,33026,345,0.21739130434782608,458,0.4104803493449782,0.002898550724637681,0.2144927536231884,0.3924786531823412,,0.2839986952547389,,0.47265118881259977,0.4576999939441652,0.217616423423969,15116,5325,7187,1666,0.35227573432124903,0.23180743008209267,0,proxy_from_dense_label_map,"Top-5 naming, true proposal recall, and MCC before/after need saved region scores/proposal masks/MCC rerank artifacts."
proxyclip,CLIP + VFM TF methods,ade847,2000,2000,0,22266,756,0.335978835978836,840,0.4023809523809524,0.03042328042328042,0.3055555555555556,0.2566244498338274,,0.1695322235590283,,0.3478033831834739,0.2963262373124944,0.10891044642055152,6598,2908,2425,736,0.44073961806608064,0.30350515463917527,0,proxy_from_dense_label_map,"Top-5 naming, true proposal recall, and MCC before/after need saved region scores/proposal masks/MCC rerank artifacts."
corrclip,CLIP + VFM TF methods,context459,5105,5105,0,33026,345,0.263768115942029,446,0.4304932735426009,0.043478260869565216,0.22028985507246376,0.47408102706958155,,0.38122085235237385,,0.6158308535941784,0.6613274389874644,0.4590322775994671,21841,8076,15160,4764,0.3697632892266838,0.3142480211081794,0,proxy_from_dense_label_map,"Top-5 naming, true proposal recall, and MCC before/after need saved region scores/proposal masks/MCC rerank artifacts."
corrclip,CLIP + VFM TF methods,ade847,2000,2000,0,22266,756,0.42857142857142855,828,0.4782608695652174,0.13095238095238096,0.2976190476190476,0.3018054432767448,,0.2235605825020265,,0.4500171756020608,0.4627683463576754,0.277508308631995,10304,4865,6179,2560,0.47214673913043476,0.41430652209095326,0,proxy_from_dense_label_map,"Top-5 naming, true proposal recall, and MCC before/after need saved region scores/proposal masks/MCC rerank artifacts."
scclip,Dense-map TF methods,context459,5105,5105,0,33026,345,0.21159420289855072,458,0.40611353711790393,0.005797101449275362,0.20579710144927535,0.39944286319869193,,0.27481678786943,,0.4438108506936169,0.42218252286077634,0.17649730515351542,13943,4504,5829,1180,0.32302947715699637,0.20243609538514326,0,proxy_from_dense_label_map,"Top-5 naming, true proposal recall, and MCC before/after need saved region scores/proposal masks/MCC rerank artifacts."
scclip,Dense-map TF methods,ade847,2000,2000,0,22266,756,0.3478835978835979,818,0.3973105134474328,0.03042328042328042,0.31746031746031744,0.24647444534267493,,0.15570720654311287,,0.31033525703543613,0.246160064672595,0.08012215934608821,5481,2203,1784,470,0.4019339536580916,0.26345291479820626,0,proxy_from_dense_label_map,"Top-5 naming, true proposal recall, and MCC before/after need saved region scores/proposal masks/MCC rerank artifacts."
cliptrase,Dense-map TF methods,context459,5105,5105,0,33026,345,0.4028985507246377,450,0.5422222222222223,0.057971014492753624,0.34492753623188405,0.2777811421304427,,0.15781439538277067,,0.31090676822379854,0.2614606673529946,0.05644038030642524,8635,3332,1864,530,0.38587145338737694,0.2843347639484979,0,proxy_from_dense_label_map,"Top-5 naming, true proposal recall, and MCC before/after need saved region scores/proposal masks/MCC rerank artifacts."
cliptrase,Dense-map TF methods,ade847,2000,2000,0,22266,756,0.5886243386243386,815,0.6184049079754601,0.24603174603174602,0.3425925925925926,0.14874696847210994,,0.07716919261197944,,0.21402534742754684,0.1567412197969999,0.033908200844336656,3490,1829,755,349,0.5240687679083095,0.46225165562913906,0,proxy_from_dense_label_map,"Top-5 naming, true proposal recall, and MCC before/after need saved region scores/proposal masks/MCC rerank artifacts."
trident,CLIP + VFM TF methods,context459,5105,5105,0,33026,345,0.2492753623188406,457,0.43326039387308535,0.017391304347826087,0.2318840579710145,0.3789135832374493,,0.2805955644573822,,0.48558488427517754,0.4875249803185369,0.25358808211711986,16101,6231,8375,2300,0.3869945966089063,0.2746268656716418,0,proxy_from_dense_label_map,"Top-5 naming, true proposal recall, and MCC before/after need saved region scores/proposal masks/MCC rerank artifacts."
trident,CLIP + VFM TF methods,ade847,2000,2000,0,22266,756,0.4060846560846561,831,0.45968712394705175,0.0701058201058201,0.335978835978836,0.23250696128626605,,0.15745200226920808,,0.3425636992192489,0.3077337644839666,0.12651576394502828,6852,3265,2817,1002,0.47650321074138935,0.3556975505857295,0,proxy_from_dense_label_map,"Top-5 naming, true proposal recall, and MCC before/after need saved region scores/proposal masks/MCC rerank artifacts."
cass,CLIP + VFM TF methods,context459,5105,5105,0,33026,345,0.2318840579710145,458,0.42139737991266374,0.014492753623188406,0.21739130434782608,0.3735541694422576,,0.26710158850184795,,0.4403809501375474,0.4219402894689033,0.18866953309513718,13935,4627,6231,1238,0.3320416218155723,0.19868399935804848,0,proxy_from_dense_label_map,"Top-5 naming, true proposal recall, and MCC before/after need saved region scores/proposal masks/MCC rerank artifacts."
cass,CLIP + VFM TF methods,ade847,2000,2000,0,22266,756,0.3941798941798942,818,0.4400977995110024,0.04894179894179894,0.34523809523809523,0.21135363334231563,,0.14103409789943253,,0.2930028900006083,0.23601006018144255,0.08187370879367646,5255,2236,1823,495,0.42549952426260707,0.27153044432254525,0,proxy_from_dense_label_map,"Top-5 naming, true proposal recall, and MCC before/after need saved region scores/proposal masks/MCC rerank artifacts."
freeda,Diffusion/reference TF methods,context459,5105,5105,0,33026,345,0.21739130434782608,459,0.4117647058823529,0.0,0.21739130434782608,0.37219160661297157,,0.26084703049228464,,0.47900251629611856,0.4606673529946103,0.18461212378126324,15214,6447,6097,1846,0.4237544367030367,0.302771855010661,0,proxy_from_dense_label_map,"Top-5 naming, true proposal recall, and MCC before/after need saved region scores/proposal masks/MCC rerank artifacts."
freeda,Diffusion/reference TF methods,ade847,2000,2000,0,22266,756,0.33994708994708994,845,0.40946745562130177,0.01455026455026455,0.3253968253968254,0.22577023264169585,,0.14578929352533007,,0.3545801519735044,0.29628132578819727,0.09566154675289679,6597,3490,2130,840,0.5290283462179779,0.39436619718309857,0,proxy_from_dense_label_map,"Top-5 naming, true proposal recall, and MCC before/after need saved region scores/proposal masks/MCC rerank artifacts."
san,Trained references,context459,5105,5105,0,33026,345,0.3159420289855073,452,0.4778761061946903,0.03768115942028986,0.2782608695652174,0.5138981408587173,,0.4081517283852779,,0.5845340190989906,0.630200448131775,0.4271180282201901,20813,5765,14106,3129,0.27699034257435257,0.22182050191407912,0,proxy_from_dense_label_map,"Top-5 naming, true proposal recall, and MCC before/after need saved region scores/proposal masks/MCC rerank artifacts."
san,Trained references,ade847,2000,2000,0,22266,756,0.4973544973544973,824,0.5388349514563107,0.15343915343915343,0.3439153439153439,0.3287523578550256,,0.24034839209049458,,0.4064064119558681,0.41529686517560405,0.2310248809844606,9247,3321,5144,1451,0.35914350600194656,0.2820762052877138,0,proxy_from_dense_label_map,"Top-5 naming, true proposal recall, and MCC before/after need saved region scores/proposal masks/MCC rerank artifacts."
