method,method_group,dataset,processed_images,expected_images,missing_images,gt_class_regions,gt_region_naming_top1,gt_region_naming_top5,gt_text_localization_iou,gt_text_localization_biou,proposal_oracle_iou,proposal_recall_at_05,proposal_recall_at_075,mcmr_at_05,mcmr_at_075,biou_regions,diagnostic_source,artifact_gap
corrclip,Proposal+naming TF methods,ade20k,2000,2000,0,16909,0.46750251345437344,,0.3521071333924522,0.17981268283489113,0.5167593737330511,0.5437341060973446,0.3487491868235851,0.2891015879921688,0.23571307444463285,5000,proxy_from_dense_label_map,"Top-5 naming, true proposal recall, and MCC before/after need saved region scores/proposal masks/MCC rerank artifacts."
corrclip,Proposal+naming TF methods,ade847,2000,2000,0,22266,0.29259858079583223,,0.2164563006704555,0.07661528955382806,0.44598075506949847,0.45742387496631637,0.27306206772657865,0.4833578792341679,0.42450657894736843,5000,proxy_from_dense_label_map,"Top-5 naming, true proposal recall, and MCC before/after need saved region scores/proposal masks/MCC rerank artifacts."
corrclip,Proposal+naming TF methods,coco_stuff164k,5000,5000,0,37497,0.37317652078832975,,0.27105379339710917,0.13113450345358582,0.4938100886517281,0.5093474144598235,0.3250126676800811,0.42305879888999426,0.36990235496840895,5000,proxy_from_dense_label_map,"Top-5 naming, true proposal recall, and MCC before/after need saved region scores/proposal masks/MCC rerank artifacts."
corrclip,Proposal+naming TF methods,context459,5105,5105,0,33026,0.24435293405195907,,0.1939137604731455,0.07822023420949552,0.6134039349402569,0.6581481257191304,0.4562768727669109,0.6753772543246227,0.6482845577012409,5000,proxy_from_dense_label_map,"Top-5 naming, true proposal recall, and MCC before/after need saved region scores/proposal masks/MCC rerank artifacts."
corrclip,Proposal+naming TF methods,context59,5105,5105,0,25975,0.640846968238691,,0.5191497540875394,0.2389802896680202,0.6567393748472565,0.7131472569778633,0.5288161693936477,0.2007125890736342,0.15899825276645313,5000,proxy_from_dense_label_map,"Top-5 naming, true proposal recall, and MCC before/after need saved region scores/proposal masks/MCC rerank artifacts."
corrclip,Proposal+naming TF methods,voc20,1449,1449,0,2148,0.9036312849162011,,0.8637112235735767,0.8120845522980931,0.90333466282727,0.925512104283054,0.8621973929236499,0.043259557344064385,0.028077753779697623,2148,proxy_from_dense_label_map,"Top-5 naming, true proposal recall, and MCC before/after need saved region scores/proposal masks/MCC rerank artifacts."
naclip,Dense-map TF methods,ade20k,2000,2000,0,16909,0.4080667100360755,,0.2652501466845795,0.10494585115756265,0.3888786804982434,0.3393459104618842,0.13135016854929327,0.2547926106657372,0.16208914903196758,5000,proxy_from_dense_label_map,"Top-5 naming, true proposal recall, and MCC before/after need saved region scores/proposal masks/MCC rerank artifacts."
naclip,Dense-map TF methods,ade847,2000,2000,0,22266,0.2745890595526812,,0.16369683736658303,0.03862076297226378,0.31417605032672463,0.22280607203808497,0.06570556004670798,0.3817778673654505,0.24196855775803144,5000,proxy_from_dense_label_map,"Top-5 naming, true proposal recall, and MCC before/after need saved region scores/proposal masks/MCC rerank artifacts."
naclip,Dense-map TF methods,coco_stuff164k,5000,5000,0,37497,0.36746939755180413,,0.23843664486403843,0.08735388299030585,0.39610746781481415,0.35624183267994775,0.14481158492679413,0.3384488695912562,0.241804788213628,5000,proxy_from_dense_label_map,"Top-5 naming, true proposal recall, and MCC before/after need saved region scores/proposal masks/MCC rerank artifacts."
naclip,Dense-map TF methods,context459,5105,5105,0,33026,0.20414219100102948,,0.14379621285974645,0.04535365370069692,0.45442364370257976,0.4194271180282202,0.18661054926421608,0.643156222928097,0.5737465520038942,5000,proxy_from_dense_label_map,"Top-5 naming, true proposal recall, and MCC before/after need saved region scores/proposal masks/MCC rerank artifacts."
naclip,Dense-map TF methods,context59,5105,5105,0,25975,0.5738209817131857,,0.41194462024883066,0.13633664732689194,0.5186008308512516,0.5309335899903753,0.26610202117420595,0.18976143861938946,0.10734953703703703,5000,proxy_from_dense_label_map,"Top-5 naming, true proposal recall, and MCC before/after need saved region scores/proposal masks/MCC rerank artifacts."
naclip,Dense-map TF methods,voc20,1449,1449,0,2148,0.8975791433891993,,0.7891972843760707,0.5773028805594405,0.8122272517966338,0.87756052141527,0.7206703910614525,0.03289124668435013,0.013565891472868217,2148,proxy_from_dense_label_map,"Top-5 naming, true proposal recall, and MCC before/after need saved region scores/proposal masks/MCC rerank artifacts."
proxyclip,Proposal+naming TF methods,ade20k,2000,2000,0,16909,0.37654503518836124,,0.2496224869002393,0.08567103629755493,0.3938161685725477,0.3608729079188598,0.15068898219882904,0.31022615535889875,0.2044740973312402,5000,proxy_from_dense_label_map,"Top-5 naming, true proposal recall, and MCC before/after need saved region scores/proposal masks/MCC rerank artifacts."
proxyclip,Proposal+naming TF methods,ade847,2000,2000,0,22266,0.24544148028384083,,0.16277031437345113,0.033106333749472035,0.34466039420322686,0.29291296146591217,0.1076080122159346,0.45446182152713893,0.31176961602671116,5000,proxy_from_dense_label_map,"Top-5 naming, true proposal recall, and MCC before/after need saved region scores/proposal masks/MCC rerank artifacts."
proxyclip,Proposal+naming TF methods,coco_stuff164k,5000,5000,0,37497,0.3413339733845374,,0.22382896136709218,0.07691540976787879,0.387960671956731,0.36146891751340104,0.16270634984132065,0.36181201121440165,0.2658580560563842,5000,proxy_from_dense_label_map,"Top-5 naming, true proposal recall, and MCC before/after need saved region scores/proposal masks/MCC rerank artifacts."
proxyclip,Proposal+naming TF methods,context459,5105,5105,0,33026,0.1997517107733301,,0.14380190801114034,0.03861942609244548,0.4703842875073534,0.4543995639798946,0.21586023133288923,0.6602252282268275,0.5975592649740497,5000,proxy_from_dense_label_map,"Top-5 naming, true proposal recall, and MCC before/after need saved region scores/proposal masks/MCC rerank artifacts."
proxyclip,Proposal+naming TF methods,context59,5105,5105,0,25975,0.5406737247353224,,0.3931687423985633,0.10521340306107456,0.5125969091815624,0.5306256015399422,0.28550529355149185,0.20808242037292315,0.13228155339805825,5000,proxy_from_dense_label_map,"Top-5 naming, true proposal recall, and MCC before/after need saved region scores/proposal masks/MCC rerank artifacts."
proxyclip,Proposal+naming TF methods,voc20,1449,1449,0,2148,0.8929236499068901,,0.797975969399778,0.6855513261409498,0.8251832483221945,0.8766294227188082,0.7351024208566108,0.03505045140732873,0.016466117796073463,2148,proxy_from_dense_label_map,"Top-5 naming, true proposal recall, and MCC before/after need saved region scores/proposal masks/MCC rerank artifacts."
resclip,Dense-map TF methods,ade20k,2000,2000,0,16909,0.38973327813590397,,0.23470977875352383,0.06842947783835394,0.35068521099328526,0.28505529599621504,0.09060263764858952,0.24771784232365146,0.14882506527415143,5000,proxy_from_dense_label_map,"Top-5 naming, true proposal recall, and MCC before/after need saved region scores/proposal masks/MCC rerank artifacts."
resclip,Dense-map TF methods,ade847,2000,2000,0,22266,0.2518638282583311,,0.15123632150631666,0.021841801351810557,0.300130411175835,0.2106799604778586,0.05721728195454954,0.3824344489447879,0.2119309262166405,5000,proxy_from_dense_label_map,"Top-5 naming, true proposal recall, and MCC before/after need saved region scores/proposal masks/MCC rerank artifacts."
resclip,Dense-map TF methods,coco_stuff164k,5000,5000,0,37497,0.3607755287089634,,0.21824395908087788,0.06645518182730493,0.3581343032664805,0.3044776915486572,0.10371496386377577,0.3036699658404134,0.21650809976857804,5000,proxy_from_dense_label_map,"Top-5 naming, true proposal recall, and MCC before/after need saved region scores/proposal masks/MCC rerank artifacts."
resclip,Dense-map TF methods,context459,5105,5105,0,33026,0.20187125295221947,,0.13518175036476643,0.024126784326230236,0.4213821291558499,0.3735541694422576,0.13789135832374494,0.6202480343681608,0.5379885814668424,5000,proxy_from_dense_label_map,"Top-5 naming, true proposal recall, and MCC before/after need saved region scores/proposal masks/MCC rerank artifacts."
resclip,Dense-map TF methods,context59,5105,5105,0,25975,0.5519923002887391,,0.3712184225672434,0.06751273625046605,0.47150241928586034,0.46698748796920114,0.19753609239653513,0.17930750206100576,0.10348859871370103,5000,proxy_from_dense_label_map,"Top-5 naming, true proposal recall, and MCC before/after need saved region scores/proposal masks/MCC rerank artifacts."
resclip,Dense-map TF methods,voc20,1449,1449,0,2148,0.9087523277467412,,0.7927377917208964,0.6704347424349677,0.8155919054502108,0.8747672253258846,0.7118249534450651,0.03139968068121341,0.011772400261608895,2148,proxy_from_dense_label_map,"Top-5 naming, true proposal recall, and MCC before/after need saved region scores/proposal masks/MCC rerank artifacts."
sclip,Dense-map TF methods,ade20k,2000,2000,0,16909,0.3119640428174345,,0.18431252126618616,0.051097953831650354,0.2995075822343097,0.22313560825595838,0.05494115559761074,0.256824807845216,0.17115177610333693,5000,proxy_from_dense_label_map,"Top-5 naming, true proposal recall, and MCC before/after need saved region scores/proposal masks/MCC rerank artifacts."
sclip,Dense-map TF methods,ade847,2000,2000,0,22266,0.1952303961196443,,0.11667149109438466,0.016326832653731197,0.2577052595060496,0.15912153058474804,0.03561483876762778,0.3931696302568445,0.2547288776796974,5000,proxy_from_dense_label_map,"Top-5 naming, true proposal recall, and MCC before/after need saved region scores/proposal masks/MCC rerank artifacts."
sclip,Dense-map TF methods,coco_stuff164k,5000,5000,0,37497,0.33373336533589354,,0.20088496417467486,0.060729526610326934,0.33179987667361877,0.26674133930714455,0.08139317812091634,0.29364127174565086,0.18283093053735255,5000,proxy_from_dense_label_map,"Top-5 naming, true proposal recall, and MCC before/after need saved region scores/proposal masks/MCC rerank artifacts."
sclip,Dense-map TF methods,context459,5105,5105,0,33026,0.19366559680251924,,0.12620440836001273,0.021173204442638028,0.37982042627438284,0.3126324713861806,0.10906558469084963,0.5857627118644068,0.47945585785674627,5000,proxy_from_dense_label_map,"Top-5 naming, true proposal recall, and MCC before/after need saved region scores/proposal masks/MCC rerank artifacts."
sclip,Dense-map TF methods,context59,5105,5105,0,25975,0.49990375360923966,,0.32957706830212713,0.05808367377639216,0.4274510522120595,0.4102021174205967,0.15280076997112607,0.17109338338808072,0.09574200050390527,5000,proxy_from_dense_label_map,"Top-5 naming, true proposal recall, and MCC before/after need saved region scores/proposal masks/MCC rerank artifacts."
sclip,Dense-map TF methods,voc20,1449,1449,0,2148,0.866852886405959,,0.7616495762729826,0.6291091664064584,0.7913895671824988,0.845437616387337,0.6797020484171322,0.042951541850220265,0.015753424657534248,2148,proxy_from_dense_label_map,"Top-5 naming, true proposal recall, and MCC before/after need saved region scores/proposal masks/MCC rerank artifacts."
