method,dataset,task,metrics_path,num_samples,mask_metrics.IoU,mask_metrics.F_beta,mask_metrics.E_m,mask_metrics.MAE,mask_metrics.BIoU,class_aware_metrics.cIoU,class_aware_metrics.cF_beta,class_aware_metrics.cE_m,class_aware_metrics.cBIoU,class_aware_metrics.cMAE,class_aware_metrics.Exact,runtime_shards,runtime_num_samples,runtime_wall_time_sec,runtime_sec_per_image,runtime_peak_memory_mb,runtime_model_calls,num_classes,miou,pixel_accuracy,mean_class_accuracy,mcmr_05,mcmr_075,prediction_label_offset
debug_copy_gt,ovcamo_te,class-aware,/data/tianyi/TF-OVCOS/runs/debug_copy_gt/ovcamo_te/metrics.json,3770,1.0,0.9885941644562334,0.9912427232657567,0.0,1.0,1.0,0.9885941644562334,0.9912427232657567,1.0,0.0,1.0,0,0,0,,,,,,,,,,
dinov2_sam_clip,voc20_val,semantic,/data/tianyi/TF-OVCOS/runs/dinov2_sam_clip/voc20_val/metrics.json,1449,,,,,,,,,,,,1,1449,4518.518590184976,3.1183703175879756,,,20,0.6059625916954768,0.7568596147767656,0.7782187200277905,0.11483253588516747,0.10465116279069768,0
dinov2_sam_clip,context59_val,semantic,/data/tianyi/TF-OVCOS/runs/dinov2_sam_clip/context59_val/metrics.json,5105,,,,,,,,,,,,1,5105,15920.652725246036,3.118639123456618,,,59,0.16549741807586638,0.2950084918957221,0.4127769757140355,0.6010596325104273,0.585199344620426,0
dinov2_sam_clip,ade20k150_val,semantic,/data/tianyi/TF-OVCOS/runs/dinov2_sam_clip/ade20k150_val/metrics.json,2000,,,,,,,,,,,,1,2000,6791.302205034997,3.3956511025174985,,,150,0.11765656553474997,0.26473684923592283,0.3409733771453927,0.6380866425992779,0.5821361648969394,0
dinov2_sam_clip,coco_stuff171_val,semantic,/data/tianyi/TF-OVCOS/runs/dinov2_sam_clip/coco_stuff171_val/metrics.json,5000,,,,,,,,,,,,1,5000,17245.832496711053,3.4491664993422106,,,171,0.12159019085222716,0.1859756027254399,0.3272025356887982,0.6968919304248645,0.6753648827952233,-1
dinov2_sam_clip,context459_val,semantic,/data/tianyi/TF-OVCOS/runs/dinov2_sam_clip/context459_val/metrics.json,5105,,,,,,,,,,,,1,5105,16045.324963800027,3.143060717688546,,,459,0.03790789294834195,0.20220128060579487,0.2490369432201429,0.7665543510108409,0.7734315078999846,0
dinov2_sam_clip,ade20k847_val,semantic,/data/tianyi/TF-OVCOS/runs/dinov2_sam_clip/ade20k847_val/metrics.json,2000,,,,,,,,,,,,1,2000,9631.833962887991,4.815916981443996,,,847,0.049963117175701885,0.13375368485421937,0.2064658322770694,0.785541586073501,0.7523241954707985,0
dinov2_sam_siglip,voc20_val,semantic,/data/tianyi/TF-OVCOS/runs/dinov2_sam_siglip/voc20_val/metrics.json,1449,,,,,,,,,,,,1,1449,5012.958417837042,3.459598632047648,,,20,0.5946799478334894,0.7337286267651509,0.7886063807974144,0.16028708133971292,0.13274336283185842,0
dinov2_sam_siglip,context59_val,semantic,/data/tianyi/TF-OVCOS/runs/dinov2_sam_siglip/context59_val/metrics.json,5105,,,,,,,,,,,,1,5105,30969.041173327016,6.06641355011303,,,59,0.18482960711960203,0.3191474262625317,0.43522274145019757,0.5441745485812554,0.5008818342151675,0
dinov2_sam_siglip,ade20k150_val,semantic,/data/tianyi/TF-OVCOS/runs/dinov2_sam_siglip/ade20k150_val/metrics.json,2000,,,,,,,,,,,,1,2000,7578.825971632032,3.789412985816016,,,150,0.14749255282010343,0.33163495976294843,0.3710563156948943,0.559174649963154,0.5100243013365735,0
dinov2_sam_siglip,coco_stuff171_val,semantic,/data/tianyi/TF-OVCOS/runs/dinov2_sam_siglip/coco_stuff171_val/metrics.json,5000,,,,,,,,,,,,1,5000,19200.70573611604,3.8401411472232083,,,171,0.146588972087316,0.25033213637251495,0.3740998836597925,0.6444444444444445,0.6132167152575316,-1
dinov2_sam_siglip,context459_val,semantic,/data/tianyi/TF-OVCOS/runs/dinov2_sam_siglip/context459_val/metrics.json,5105,,,,,,,,,,,,1,5105,19016.60678032192,3.7250943742060567,,,459,0.048419184286733884,0.2235346856780701,0.27078648165027125,0.7159727931833471,0.6888285120664855,0
dinov2_sam_siglip,ade20k847_val,semantic,/data/tianyi/TF-OVCOS/runs/dinov2_sam_siglip/ade20k847_val/metrics.json,2000,,,,,,,,,,,,1,2000,10326.330191476969,5.163165095738485,,,847,0.07082197742557274,0.23507800412858643,0.24307070358678448,0.706601466992665,0.67518406236466,0
maskclip,voc20_val,semantic,/data/tianyi/TF-OVCOS/runs/maskclip/voc20_val/metrics.json,1449,,,,,,,,,,,,4,1449,37.461496192991035,0.02585334450862045,,,20,0.3778558018403183,0.5211795001945113,0.5492586036952831,0.2857142857142857,0.0,
maskclip,context59_val,semantic,/data/tianyi/TF-OVCOS/runs/maskclip/context59_val/metrics.json,5105,,,,,,,,,,,,4,5105,137.94585325100343,0.027021714642703903,,,59,0.08149617182654016,0.19836166212745357,0.20722734179341926,0.6666666666666666,0.48936170212765956,
maskclip,ade20k150_val,semantic,/data/tianyi/TF-OVCOS/runs/maskclip/ade20k150_val/metrics.json,2000,,,,,,,,,,,,4,2000,266.2929160030035,0.13314645800150174,,,150,0.0187654364210595,0.040990886533405074,0.06986044207350399,0.9438202247191011,0.875,
maskclip,coco_stuff171_val,semantic,/data/tianyi/TF-OVCOS/runs/maskclip/coco_stuff171_val/metrics.json,5000,,,,,,,,,,,,4,5000,682.5481745050056,0.13650963490100113,,,171,0.043479414105885884,0.10251954429936626,0.11706304964114132,0.825446898002103,0.7578947368421053,-1
maskclip,context459_val,semantic,/data/tianyi/TF-OVCOS/runs/maskclip/context459_val/metrics.json,5105,,,,,,,,,,,,4,5105,605.1164608160034,0.11853407655553445,,,459,0.01217058231323003,0.1326503924724029,0.048176716995714866,0.7123169681309216,0.5344827586206896,
maskclip,ade20k847_val,semantic,/data/tianyi/TF-OVCOS/runs/maskclip/ade20k847_val/metrics.json,2000,,,,,,,,,,,,4,2000,7273.968563644987,3.6369842818224933,,,847,0.004886473567700678,0.017930698403043892,0.03391974285954164,0.9734513274336283,0.8571428571428571,
maskclip_attn,voc20_val,semantic,/data/tianyi/TF-OVCOS/runs/maskclip_attn/voc20_val/metrics.json,1449,,,,,,,,,,,,1,1449,27.32711020699935,0.018859289307798035,,,20,0.37729470946345656,0.5401256054059693,0.5401046320569235,0.3984375,0.0,
maskclip_attn,context59_val,semantic,/data/tianyi/TF-OVCOS/runs/maskclip_attn/context59_val/metrics.json,5105,,,,,,,,,,,,1,5105,83.64096709000296,0.01638412675612203,,,59,0.08351358514187435,0.208311846657457,0.199788038954894,0.6887755102040817,0.43842364532019706,
maskclip_attn,ade20k150_val,semantic,/data/tianyi/TF-OVCOS/runs/maskclip_attn/ade20k150_val/metrics.json,2000,,,,,,,,,,,,1,2000,47.699194884015014,0.023849597442007507,,,150,0.018207473835085846,0.041647109830293724,0.0688507415361426,0.9618320610687023,1.0,
maskclip_attn,coco_stuff171_val,semantic,/data/tianyi/TF-OVCOS/runs/maskclip_attn/coco_stuff171_val/metrics.json,5000,,,,,,,,,,,,1,5000,113.64674137698603,0.022729348275397205,,,171,0.04082890039664071,0.1000249409468946,0.10763592770872873,0.8648393194706995,0.7236842105263158,-1
maskclip_attn,context459_val,semantic,/data/tianyi/TF-OVCOS/runs/maskclip_attn/context459_val/metrics.json,5105,,,,,,,,,,,,1,5105,115.19302515202435,0.022564745377477834,,,459,0.012456522920030043,0.1441470005359074,0.0504006159208584,0.7275383491599707,0.41304347826086957,
maskclip_attn,ade20k847_val,semantic,/data/tianyi/TF-OVCOS/runs/maskclip_attn/ade20k847_val/metrics.json,2000,,,,,,,,,,,,1,2000,156.96981717197923,0.07848490858598961,,,847,0.004972679933592525,0.01787236794180505,0.028410147414015763,0.9887323943661972,1.0,
maskclip_attn_slide,voc20_val,semantic,/data/tianyi/TF-OVCOS/runs/maskclip_attn_slide/voc20_val/metrics.json,1449,,,,,,,,,,,,1,1449,152.16523208201397,0.10501396278951965,,,20,0.49584974266840387,0.6622934733486542,0.666857258116168,0.04854368932038835,0.0,
maskclip_attn_slide,context59_val,semantic,/data/tianyi/TF-OVCOS/runs/maskclip_attn_slide/context59_val/metrics.json,5105,,,,,,,,,,,,1,5105,533.6911588359799,0.10454283228912437,,,59,0.11865719775269216,0.2749422915018282,0.27270648085489385,0.32898415657036345,0.2684563758389262,
maskclip_attn_slide,ade20k150_val,semantic,/data/tianyi/TF-OVCOS/runs/maskclip_attn_slide/ade20k150_val/metrics.json,2000,,,,,,,,,,,,1,2000,318.32863590700435,0.15916431795350217,,,150,0.04614338331396737,0.12100762281059273,0.1421284031796338,0.680365296803653,0.6,
maskclip_attn_slide,coco_stuff171_val,semantic,/data/tianyi/TF-OVCOS/runs/maskclip_attn_slide/coco_stuff171_val/metrics.json,5000,,,,,,,,,,,,1,5000,1078.2996533270052,0.21565993066540104,,,171,0.07757188853109394,0.17308106891954642,0.1833113263973228,0.4440944881889764,0.4666666666666667,-1
maskclip_attn_slide,context459_val,semantic,/data/tianyi/TF-OVCOS/runs/maskclip_attn_slide/context459_val/metrics.json,5105,,,,,,,,,,,,1,5105,785.6696871989989,0.1539019955335943,,,459,0.01939198606548986,0.192442606429017,0.08245541442334964,0.40268456375838924,0.24271844660194175,
maskclip_attn_slide,ade20k847_val,semantic,/data/tianyi/TF-OVCOS/runs/maskclip_attn_slide/ade20k847_val/metrics.json,2000,,,,,,,,,,,,1,2000,2349.8432173850015,1.1749216086925007,,,847,0.014394885633351069,0.09444622936750013,0.06211666268691342,0.6792452830188679,0.6666666666666666,
sam_amg_clip,voc20_val,semantic,/data/tianyi/TF-OVCOS/runs/sam_amg_clip/voc20_val/metrics.json,1449,,,,,,,,,,,,1,1449,6398.768005577993,4.415988961751548,,,20,0.6599237551057546,0.7940582601102937,0.8225352641046785,0.12719298245614036,0.12195121951219512,
sam_amg_clip,context59_val,semantic,/data/tianyi/TF-OVCOS/runs/sam_amg_clip/context59_val/metrics.json,5105,,,,,,,,,,,,1,5105,29678.637797231,5.813641096421351,,,59,0.1784068637634559,0.32735032349492976,0.43139739272337224,0.5691334991708126,0.5558144954556048,
sam_amg_clip,ade20k150_val,semantic,/data/tianyi/TF-OVCOS/runs/sam_amg_clip/ade20k150_val/metrics.json,2000,,,,,,,,,,,,1,2000,6752.033520514,3.376016760257,,,150,0.12589691946745693,0.2769578691699917,0.35943566086233236,0.6314410480349345,0.5870056497175141,0
sam_amg_clip,coco_stuff171_val,semantic,/data/tianyi/TF-OVCOS/runs/sam_amg_clip/coco_stuff171_val/metrics.json,5000,,,,,,,,,,,,1,5000,16959.19932326302,3.391839864652604,,,171,0.12361524299625358,0.1905829514673449,0.3365120891153075,0.7061391541609823,0.679646017699115,-1
sam_amg_clip,context459_val,semantic,/data/tianyi/TF-OVCOS/runs/sam_amg_clip/context459_val/metrics.json,5105,,,,,,,,,,,,1,5105,15859.62437619298,3.1066845007234045,,,459,0.040044076415924675,0.21348034561895554,0.24932709944025705,0.7654492431606721,0.7652315190901706,0
sam_amg_clip,ade20k847_val,semantic,/data/tianyi/TF-OVCOS/runs/sam_amg_clip/ade20k847_val/metrics.json,2000,,,,,,,,,,,,1,2000,9275.454909958004,4.637727454979002,,,847,0.05037980492162277,0.1342365829202527,0.20960443332448192,0.7862387494078635,0.7580751483190508,0
sam_amg_siglip,voc20_val,semantic,/data/tianyi/TF-OVCOS/runs/sam_amg_siglip/voc20_val/metrics.json,1449,,,,,,,,,,,,1,1449,17447.299671418994,12.040924548943405,,,20,0.6560259895633711,0.7758769313912185,0.8330592520085732,0.15531914893617021,0.12080536912751678,0
sam_amg_siglip,context59_val,semantic,/data/tianyi/TF-OVCOS/runs/sam_amg_siglip/context59_val/metrics.json,5105,,,,,,,,,,,,1,5105,17338.874404881994,3.396449442680116,,,59,0.19663099846303295,0.33904863955478376,0.45486225774117156,0.544468982132102,0.5099696575639359,0
sam_amg_siglip,ade20k150_val,semantic,/data/tianyi/TF-OVCOS/runs/sam_amg_siglip/ade20k150_val/metrics.json,2000,,,,,,,,,,,,1,2000,7469.671692484,3.734835846242,,,150,0.15343238651689747,0.3439821027551084,0.38338983113790137,0.5602947428085588,0.5214365256124721,0
sam_amg_siglip,coco_stuff171_val,semantic,/data/tianyi/TF-OVCOS/runs/sam_amg_siglip/coco_stuff171_val/metrics.json,5000,,,,,,,,,,,,1,5000,19075.938987542002,3.8151877975084005,,,171,0.14807100761613068,0.2523896878854441,0.38220190928757075,0.6476788156730228,0.6161475552462155,-1
sam_amg_siglip,context459_val,semantic,/data/tianyi/TF-OVCOS/runs/sam_amg_siglip/context459_val/metrics.json,5105,,,,,,,,,,,,1,5105,17386.515711579006,3.4057817260683656,,,459,0.04969257297629433,0.2377024531050911,0.2678837632461794,0.71875,0.6916759465478842,0
sam_amg_siglip,ade20k847_val,semantic,/data/tianyi/TF-OVCOS/runs/sam_amg_siglip/ade20k847_val/metrics.json,2000,,,,,,,,,,,,1,2000,10049.955024569004,5.024977512284502,,,847,0.0724427219854743,0.2411240360778163,0.24831394930146744,0.7082196266783102,0.6737848281472443,0
