method,context59_val_mIoU,context459_val_mIoU,ade20k150_val_mIoU,ade20k847_val_mIoU,delta_vocab,mcmr_05,delta_context59,delta_ade20k150
analysis,,,,,,,,
artifacts,,,,,,,,
debug_copy_gt,,,,,,,,
diffsegmenter,,,,,,,,
dinov2_sam_clip,0.16549741807586638,0.03790789294834195,0.11765656553474997,0.049963117175701885,0.09764148674328625,0.6195731375548525,0.12758952512752442,0.06769344835904809
dinov2_sam_siglip,0.18482960711960203,0.048419184286733884,0.14749255282010343,0.07082197742557274,0.10654049911369942,0.5516745992722047,0.13641042283286814,0.07667057539453069
freeda,,,,,,,,
full_maskclip,,,,,,,,
logs,,,,,,,,
maskclip,0.08149617182654016,0.01217058231323003,0.0187654364210595,0.004886473567700678,0.04160227618333448,0.8052434456928839,0.06932558951331014,0.013878962853358823
maskclip_attn,0.08351358514187435,0.012456522920030043,0.018207473835085846,0.004972679933592525,0.04214592806166881,0.8253037856363921,0.0710570622218443,0.013234793901493321
maskclip_attn_slide,0.11865719775269216,0.01939198606548986,0.04614338331396737,0.014394885633351069,0.0655068546839093,0.5046747266870082,0.0992652116872023,0.0317484976806163
official,,,,,,,,
proposal_officialnames,,,,,,,,
sam_amg_clip,0.1784068637634559,0.040044076415924675,0.12589691946745693,0.05037980492162277,0.1069399509466827,0.6002872736028735,0.13836278734753124,0.07551711454583415
sam_amg_siglip,0.19663099846303295,0.04969257297629433,0.15343238651689747,0.0724427219854743,0.1139640450090809,0.5523818624703305,0.14693842548673863,0.08098966453142317
smoke,,,,,,,,
smoke_maskclip,,,,,,,,
smoke_maskclip_slide,,,,,,,,
tables,,,,,,,,
tmp,,,,,,,,
trained_refs,,,,,,,,
