method,voc20_val_mIoU,context59_val_mIoU,ade20k150_val_mIoU,coco_stuff171_val_mIoU,avg_mIoU,worst_mIoU
analysis,,,,,,
artifacts,,,,,,
debug_copy_gt,,,,,,
diffsegmenter,,,,,,
dinov2_sam_clip,0.6059625916954768,0.16549741807586638,0.11765656553474997,0.12159019085222716,0.2526766915395801,0.11765656553474997
dinov2_sam_siglip,0.5946799478334894,0.18482960711960203,0.14749255282010343,0.146588972087316,0.2683977699651277,0.146588972087316
freeda,,,,,,
full_maskclip,,,,,,
logs,,,,,,
maskclip,0.3778558018403183,0.08149617182654016,0.0187654364210595,0.043479414105885884,0.13039920604845096,0.0187654364210595
maskclip_attn,0.37729470946345656,0.08351358514187435,0.018207473835085846,0.04082890039664071,0.12996116720926437,0.018207473835085846
maskclip_attn_slide,0.49584974266840387,0.11865719775269216,0.04614338331396737,0.07757188853109394,0.18455555306653934,0.04614338331396737
official,,,,,,
proposal_officialnames,,,,,,
sam_amg_clip,0.6599237551057546,0.1784068637634559,0.12589691946745693,0.12361524299625358,0.27196069533323025,0.12361524299625358
sam_amg_siglip,0.6560259895633711,0.19663099846303295,0.15343238651689747,0.14807100761613068,0.28854009553985804,0.14807100761613068
smoke,,,,,,
smoke_maskclip,,,,,,
smoke_maskclip_slide,,,,,,
tables,,,,,,
tmp,,,,,,
trained_refs,,,,,,
