method,dataset,task,quality_metric,quality_value,num_samples,runtime_shards,runtime_num_samples,runtime_wall_time_sec,runtime_sec_per_image,runtime_peak_memory_mb,runtime_model_calls,quality_per_second,note
debug_copy_gt,ovcamo_te,class-aware,IoU,1.0,3770,0,0,0,,,,,Runtime is collected from shard runtime.json; use isolated reruns for final paper-grade hardware numbers.
dinov2_sam_clip,voc20_val,semantic,mIoU,0.6059625916954768,1449,1,1449,4518.518590184976,3.1183703175879756,,,0.194320279499127,Runtime is collected from shard runtime.json; use isolated reruns for final paper-grade hardware numbers.
dinov2_sam_clip,context59_val,semantic,mIoU,0.16549741807586638,5105,1,5105,15920.652725246036,3.118639123456618,,,0.05306719101645636,Runtime is collected from shard runtime.json; use isolated reruns for final paper-grade hardware numbers.
dinov2_sam_clip,ade20k150_val,semantic,mIoU,0.11765656553474997,2000,1,2000,6791.302205034997,3.3956511025174985,,,0.03464919156373889,Runtime is collected from shard runtime.json; use isolated reruns for final paper-grade hardware numbers.
dinov2_sam_clip,coco_stuff171_val,semantic,mIoU,0.12159019085222716,5000,1,5000,17245.832496711053,3.4491664993422106,,,0.03525205027806445,Runtime is collected from shard runtime.json; use isolated reruns for final paper-grade hardware numbers.
dinov2_sam_clip,context459_val,semantic,mIoU,0.03790789294834195,5105,1,5105,16045.324963800027,3.143060717688546,,,0.012060821076412416,Runtime is collected from shard runtime.json; use isolated reruns for final paper-grade hardware numbers.
dinov2_sam_clip,ade20k847_val,semantic,mIoU,0.049963117175701885,2000,1,2000,9631.833962887991,4.815916981443996,,,0.010374580244678768,Runtime is collected from shard runtime.json; use isolated reruns for final paper-grade hardware numbers.
dinov2_sam_siglip,voc20_val,semantic,mIoU,0.5946799478334894,1449,1,1449,5012.958417837042,3.459598632047648,,,0.17189275724782951,Runtime is collected from shard runtime.json; use isolated reruns for final paper-grade hardware numbers.
dinov2_sam_siglip,context59_val,semantic,mIoU,0.18482960711960203,5105,1,5105,30969.041173327016,6.06641355011303,,,0.030467689944441437,Runtime is collected from shard runtime.json; use isolated reruns for final paper-grade hardware numbers.
dinov2_sam_siglip,ade20k150_val,semantic,mIoU,0.14749255282010343,2000,1,2000,7578.825971632032,3.789412985816016,,,0.038922269325665025,Runtime is collected from shard runtime.json; use isolated reruns for final paper-grade hardware numbers.
dinov2_sam_siglip,coco_stuff171_val,semantic,mIoU,0.146588972087316,5000,1,5000,19200.70573611604,3.8401411472232083,,,0.03817280835974322,Runtime is collected from shard runtime.json; use isolated reruns for final paper-grade hardware numbers.
dinov2_sam_siglip,context459_val,semantic,mIoU,0.048419184286733884,5105,1,5105,19016.60678032192,3.7250943742060567,,,0.012998109422946807,Runtime is collected from shard runtime.json; use isolated reruns for final paper-grade hardware numbers.
dinov2_sam_siglip,ade20k847_val,semantic,mIoU,0.07082197742557274,2000,1,2000,10326.330191476969,5.163165095738485,,,0.01371677568165058,Runtime is collected from shard runtime.json; use isolated reruns for final paper-grade hardware numbers.
maskclip,voc20_val,semantic,mIoU,0.3778558018403183,1449,4,1449,37.461496192991035,0.02585334450862045,,,14.61535476442235,Runtime is collected from shard runtime.json; use isolated reruns for final paper-grade hardware numbers.
maskclip,context59_val,semantic,mIoU,0.08149617182654016,5105,4,5105,137.94585325100343,0.027021714642703903,,,3.0159511675749577,Runtime is collected from shard runtime.json; use isolated reruns for final paper-grade hardware numbers.
maskclip,ade20k150_val,semantic,mIoU,0.0187654364210595,2000,4,2000,266.2929160030035,0.13314645800150174,,,0.140938307355107,Runtime is collected from shard runtime.json; use isolated reruns for final paper-grade hardware numbers.
maskclip,coco_stuff171_val,semantic,mIoU,0.043479414105885884,5000,4,5000,682.5481745050056,0.13650963490100113,,,0.31850802426816116,Runtime is collected from shard runtime.json; use isolated reruns for final paper-grade hardware numbers.
maskclip,context459_val,semantic,mIoU,0.01217058231323003,5105,4,5105,605.1164608160034,0.11853407655553445,,,0.10267580991807014,Runtime is collected from shard runtime.json; use isolated reruns for final paper-grade hardware numbers.
maskclip,ade20k847_val,semantic,mIoU,0.004886473567700678,2000,4,2000,7273.968563644987,3.6369842818224933,,,0.0013435509172044222,Runtime is collected from shard runtime.json; use isolated reruns for final paper-grade hardware numbers.
maskclip_attn,voc20_val,semantic,mIoU,0.37729470946345656,1449,1,1449,27.32711020699935,0.018859289307798035,,,20.005775578587198,Runtime is collected from shard runtime.json; use isolated reruns for final paper-grade hardware numbers.
maskclip_attn,context59_val,semantic,mIoU,0.08351358514187435,5105,1,5105,83.64096709000296,0.01638412675612203,,,5.097225283042259,Runtime is collected from shard runtime.json; use isolated reruns for final paper-grade hardware numbers.
maskclip_attn,ade20k150_val,semantic,mIoU,0.018207473835085846,2000,1,2000,47.699194884015014,0.023849597442007507,,,0.7634289794349358,Runtime is collected from shard runtime.json; use isolated reruns for final paper-grade hardware numbers.
maskclip_attn,coco_stuff171_val,semantic,mIoU,0.04082890039664071,5000,1,5000,113.64674137698603,0.022729348275397205,,,1.7963075712485297,Runtime is collected from shard runtime.json; use isolated reruns for final paper-grade hardware numbers.
maskclip_attn,context459_val,semantic,mIoU,0.012456522920030043,5105,1,5105,115.19302515202435,0.022564745377477834,,,0.5520347210504338,Runtime is collected from shard runtime.json; use isolated reruns for final paper-grade hardware numbers.
maskclip_attn,ade20k847_val,semantic,mIoU,0.004972679933592525,2000,1,2000,156.96981717197923,0.07848490858598961,,,0.06335842167853657,Runtime is collected from shard runtime.json; use isolated reruns for final paper-grade hardware numbers.
maskclip_attn_slide,voc20_val,semantic,mIoU,0.49584974266840387,1449,1,1449,152.16523208201397,0.10501396278951965,,,4.721750608176168,Runtime is collected from shard runtime.json; use isolated reruns for final paper-grade hardware numbers.
maskclip_attn_slide,context59_val,semantic,mIoU,0.11865719775269216,5105,1,5105,533.6911588359799,0.10454283228912437,,,1.1350103603902084,Runtime is collected from shard runtime.json; use isolated reruns for final paper-grade hardware numbers.
maskclip_attn_slide,ade20k150_val,semantic,mIoU,0.04614338331396737,2000,1,2000,318.32863590700435,0.15916431795350217,,,0.28991035118466424,Runtime is collected from shard runtime.json; use isolated reruns for final paper-grade hardware numbers.
maskclip_attn_slide,coco_stuff171_val,semantic,mIoU,0.07757188853109394,5000,1,5000,1078.2996533270052,0.21565993066540104,,,0.35969541625907153,Runtime is collected from shard runtime.json; use isolated reruns for final paper-grade hardware numbers.
maskclip_attn_slide,context459_val,semantic,mIoU,0.01939198606548986,5105,1,5105,785.6696871989989,0.1539019955335943,,,0.1260021742944646,Runtime is collected from shard runtime.json; use isolated reruns for final paper-grade hardware numbers.
maskclip_attn_slide,ade20k847_val,semantic,mIoU,0.014394885633351069,2000,1,2000,2349.8432173850015,1.1749216086925007,,,0.012251783886560966,Runtime is collected from shard runtime.json; use isolated reruns for final paper-grade hardware numbers.
sam_amg_clip,voc20_val,semantic,mIoU,0.6599237551057546,1449,1,1449,6398.768005577993,4.415988961751548,,,0.14943962967787944,Runtime is collected from shard runtime.json; use isolated reruns for final paper-grade hardware numbers.
sam_amg_clip,context59_val,semantic,mIoU,0.1784068637634559,5105,1,5105,29678.637797231,5.813641096421351,,,0.03068762945708433,Runtime is collected from shard runtime.json; use isolated reruns for final paper-grade hardware numbers.
sam_amg_clip,ade20k150_val,semantic,mIoU,0.12589691946745693,2000,1,2000,6752.033520514,3.376016760257,,,0.03729155641332568,Runtime is collected from shard runtime.json; use isolated reruns for final paper-grade hardware numbers.
sam_amg_clip,coco_stuff171_val,semantic,mIoU,0.12361524299625358,5000,1,5000,16959.19932326302,3.391839864652604,,,0.036444893606117926,Runtime is collected from shard runtime.json; use isolated reruns for final paper-grade hardware numbers.
sam_amg_clip,context459_val,semantic,mIoU,0.040044076415924675,5105,1,5105,15859.62437619298,3.1066845007234045,,,0.01288965017419704,Runtime is collected from shard runtime.json; use isolated reruns for final paper-grade hardware numbers.
sam_amg_clip,ade20k847_val,semantic,mIoU,0.05037980492162277,2000,1,2000,9275.454909958004,4.637727454979002,,,0.010863036996177015,Runtime is collected from shard runtime.json; use isolated reruns for final paper-grade hardware numbers.
sam_amg_siglip,voc20_val,semantic,mIoU,0.6560259895633711,1449,1,1449,17447.299671418994,12.040924548943405,,,0.05448302469605107,Runtime is collected from shard runtime.json; use isolated reruns for final paper-grade hardware numbers.
sam_amg_siglip,context59_val,semantic,mIoU,0.19663099846303295,5105,1,5105,17338.874404881994,3.396449442680116,,,0.05789310330727982,Runtime is collected from shard runtime.json; use isolated reruns for final paper-grade hardware numbers.
sam_amg_siglip,ade20k150_val,semantic,mIoU,0.15343238651689747,2000,1,2000,7469.671692484,3.734835846242,,,0.04108142709171046,Runtime is collected from shard runtime.json; use isolated reruns for final paper-grade hardware numbers.
sam_amg_siglip,coco_stuff171_val,semantic,mIoU,0.14807100761613068,5000,1,5000,19075.938987542002,3.8151877975084005,,,0.03881093552271057,Runtime is collected from shard runtime.json; use isolated reruns for final paper-grade hardware numbers.
sam_amg_siglip,context459_val,semantic,mIoU,0.04969257297629433,5105,1,5105,17386.515711579006,3.4057817260683656,,,0.014590651125977893,Runtime is collected from shard runtime.json; use isolated reruns for final paper-grade hardware numbers.
sam_amg_siglip,ade20k847_val,semantic,mIoU,0.0724427219854743,2000,1,2000,10049.955024569004,5.024977512284502,,,0.014416526603029457,Runtime is collected from shard runtime.json; use isolated reruns for final paper-grade hardware numbers.
