method,dataset,variant,log_path,status,iter,total,progress_pct,aacc,miou,macc,sec_per_iter,peak_mem_mb,worst_class_iou,num_classes_logged,zero_class_iou_count,zero_class_iou_rate,class_iou_std,class_iou_p10,class_iou_p50,class_iou_p90,class_iou_gini,eta,family
corrclip,ade20k,datafix,runs/logs/official_corrclip_ade20k_datafix.log,complete,2000,2000,100.0,61.77,26.96,49.41,0.0807,,0.0,150,4,0.02666666666666667,20.652252876838613,3.3430000000000004,23.345,59.89699999999999,0.4264010021344804,,clip_vfm
corrclip,ade847,single,runs/logs/official_corrclip_ade847_e2.log,complete,2000,2000,100.0,48.47,8.67,20.93,0.5864,,0.0,828,413,0.49879227053140096,17.51341351333931,0.0,0.01,32.36100000000002,0.8123071942996871,,clip_vfm
corrclip,coco_stuff164k,datafix,runs/logs/official_corrclip_coco_stuff164k_datafix.log,complete,5000,5000,100.0,48.64,32.22,50.58,0.0921,,0.0,171,1,0.005847953216374269,23.133708007322372,4.41,28.92,68.17,0.4059128462601511,,clip_vfm
corrclip,context459,single,runs/logs/official_corrclip_context459_e2.log,complete,5105,5105,100.0,58.48,11.88,33.89,0.2469,,0.0,446,197,0.44170403587443946,20.398160121515343,0.0,0.3,41.265,0.7594240216862416,,clip_vfm
corrclip,context59,datafix,runs/logs/official_corrclip_context59_datafix.log,complete,5105,5105,100.0,72.6,48.68,69.39,0.0785,,1.42,59,0,0.0,26.21068076149568,15.926,42.72,87.412,0.3082399621558156,,clip_vfm
corrclip,voc20,datafix,runs/logs/official_corrclip_voc20_datafix.log,complete,1449,1449,100.0,94.64,89.01,94.39,0.0756,,44.75,20,0,0.0,12.641863499895893,75.038,92.88,98.001,0.06454243134082693,,clip_vfm
naclip,ade20k,datafix,runs/logs/official_naclip_ade20k_datafix.log,complete,2000,2000,100.0,48.19,19.12,39.35,0.478,,0.0,150,7,0.04666666666666667,15.789727415703611,0.714,16.58,40.579,0.4515198733351702,,clip_dense
naclip,ade847,single,runs/logs/official_naclip_ade847_e2.log,complete,2000,2000,100.0,33.9,6.01,20.08,2.2346,,0.0,822,306,0.3722627737226277,11.125949028233535,0.0,0.41000000000000003,20.685999999999996,0.7747747801613285,,clip_dense
naclip,coco_stuff164k,datafix,runs/logs/official_naclip_coco_stuff164k_datafix.log,complete,5000,5000,100.0,41.63,25.98,44.94,0.4071,,0.0,171,1,0.005847953216374269,20.405799266190876,2.35,22.94,55.16,0.43985276600254686,,clip_dense
naclip,context459,single,runs/logs/official_naclip_context459_e2.log,complete,5105,5105,100.0,47.03,7.79,29.43,1.9286,,0.0,459,177,0.38562091503267976,14.610398262041425,0.0,0.63,24.583999999999996,0.7718619246409346,,clip_dense
naclip,context59,datafix,runs/logs/official_naclip_context59_datafix.log,complete,5105,5105,100.0,62.28,38.36,59.13,0.1373,,4.06,59,0,0.0,24.323530893516196,11.618000000000002,32.77,73.16,0.3601228501430922,,clip_dense
naclip,voc20,datafix,runs/logs/official_naclip_voc20_datafix.log,complete,1449,1449,100.0,88.6,77.98,88.28,0.1144,,36.96,20,0,0.0,14.549153789825716,59.245000000000005,81.15,92.345,0.09822706404370418,,clip_dense
proxyclip,ade20k,datafix,runs/logs/official_proxyclip_ade20k_datafix.log,complete,2000,2000,100.0,46.8,19.59,41.18,0.0568,,0.0,150,8,0.05333333333333334,16.339220882281996,0.7130000000000001,16.25,43.321,0.45560307151901336,,clip_vfm
proxyclip,ade847,single,runs/logs/official_proxyclip_ade847_e2.log,complete,2000,2000,100.0,34.86,6.9,21.23,0.3538,,0.0,840,353,0.42023809523809524,13.495138920204617,0.0,0.235,26.227000000000007,0.7946905973219678,,clip_vfm
proxyclip,coco_stuff164k,datafix,runs/logs/official_proxyclip_coco_stuff164k_datafix.log,complete,5000,5000,100.0,42.96,26.68,47.55,0.0753,,0.0,171,2,0.011695906432748537,20.794170013797213,2.05,24.25,57.78,0.43656342575760987,,clip_vfm
proxyclip,context459,single,runs/logs/official_proxyclip_context459_e2.log,complete,5105,5105,100.0,48.15,8.41,34.25,0.3958,,0.0,458,194,0.42358078602620086,15.545310229478142,0.0,0.39,27.830000000000002,0.7741250973902452,,clip_vfm
proxyclip,context59,datafix,runs/logs/official_proxyclip_context59_datafix.log,complete,5105,5105,100.0,62.85,39.31,61.81,0.0658,,3.62,59,0,0.0,24.489659499620533,9.754000000000001,34.45,74.506,0.3557187578713059,,clip_vfm
proxyclip,voc20,datafix,runs/logs/official_proxyclip_voc20_datafix.log,complete,1449,1449,100.0,90.23,81.64,91.1,0.0564,,41.14,20,0,0.0,13.364637097579566,66.494,84.865,94.353,0.08634453910178275,,clip_vfm
resclip,ade20k,datafix,runs/logs/official_resclip_ade20k_datafix.log,complete,2000,2000,100.0,45.13,18.07,40.33,0.2791,,0.0,150,7,0.04666666666666667,14.968744563107338,0.6270000000000001,15.100000000000001,40.370000000000005,0.4537563576621517,,clip_dense
resclip,ade847,single,runs/logs/official_resclip_ade847_e2.log,complete,2000,2000,100.0,33.66,6.49,21.43,4.4124,,0.0,820,321,0.39146341463414636,12.293181142361082,0.0,0.395,22.648000000000007,0.7813035511006146,,clip_dense
resclip,coco_stuff164k,datafix,runs/logs/official_resclip_coco_stuff164k_datafix.log,complete,5000,5000,100.0,40.2,23.59,44.0,0.3497,,0.0,171,2,0.011695906432748537,18.45955045542314,2.46,21.85,50.27,0.4385618393969115,,clip_dense
resclip,context459,single,runs/logs/official_resclip_context459_e2.log,complete,5105,5105,100.0,45.33,7.7,32.79,1.768,,0.0,459,181,0.39433551198257083,14.229752113493788,0.0,0.66,23.303999999999988,0.7675660250221257,,clip_dense
resclip,context59,datafix,runs/logs/official_resclip_context59_datafix.log,complete,5105,5105,100.0,60.31,36.85,60.26,0.1616,,5.42,59,0,0.0,22.883573642684286,10.040000000000001,31.4,69.472,0.3533274118643601,,clip_dense
resclip,voc20,datafix,runs/logs/official_resclip_voc20_datafix.log,complete,1449,1449,100.0,88.26,78.51,89.87,0.1033,,32.84,20,0,0.0,14.870126058645234,65.40899999999999,81.675,93.994,0.09960451401714399,,clip_dense
sclip,ade20k,datafix,runs/logs/official_sclip_ade20k_datafix.log,complete,2000,2000,100.0,38.72,16.46,37.08,0.0512,,0.0,150,5,0.03333333333333333,14.374612061393362,0.597,13.96,37.69,0.47837170144304064,,clip_dense
sclip,ade847,single,runs/logs/official_sclip_ade847_e2.log,complete,2000,2000,100.0,28.33,5.67,19.72,0.2399,,0.0,822,322,0.39172749391727496,11.306448151789795,0.0,0.34,19.94299999999999,0.7946029023887418,,clip_dense
sclip,coco_stuff164k,datafix,runs/logs/official_sclip_coco_stuff164k_datafix.log,complete,5000,5000,100.0,38.33,22.86,41.77,0.1119,,0.0,171,1,0.005847953216374269,18.991865176479386,1.68,17.88,50.99,0.4577604599074787,,clip_dense
sclip,context459,single,runs/logs/official_sclip_context459_e2.log,complete,5105,5105,100.0,43.18,6.68,30.14,0.1835,,0.0,459,182,0.39651416122004357,13.484793163873766,0.0,0.46,19.15799999999998,0.7888195094796517,,clip_dense
sclip,context59,datafix,runs/logs/official_sclip_context59_datafix.log,complete,5105,5105,100.0,57.73,34.14,55.72,0.0513,,2.16,59,0,0.0,22.786402522169375,8.988000000000001,27.28,70.01400000000001,0.37718293976065875,,clip_dense
sclip,voc20,datafix,runs/logs/official_sclip_voc20_datafix.log,complete,1449,1449,100.0,87.79,77.47,89.16,0.0504,,37.23,20,0,0.0,14.877788175666437,62.809000000000005,83.805,92.36099999999999,0.10301718017890082,,clip_dense
