method,method_group,dataset,processed_images,expected_images,missing_images,gt_class_regions,gt_region_naming_top1,gt_region_naming_top5,gt_text_localization_iou,gt_text_localization_biou,proposal_oracle_iou,proposal_recall_at_05,proposal_recall_at_075,mcmr_at_05,mcmr_at_075,biou_regions,diagnostic_source,artifact_gap
sclip,Dense-map TF methods,voc20,1449,1449,0,2148,0.866852886405959,,0.7616495762729826,,0.7913895671824988,0.845437616387337,0.6797020484171322,0.042951541850220265,0.015753424657534248,0,proxy_from_dense_label_map,"Top-5 naming, true proposal recall, and MCC before/after need saved region scores/proposal masks/MCC rerank artifacts."
sclip,Dense-map TF methods,context59,5105,5105,0,25975,0.49990375360923966,,0.32957706830212713,,0.4274510522120595,0.4102021174205967,0.15280076997112607,0.17109338338808072,0.09574200050390527,0,proxy_from_dense_label_map,"Top-5 naming, true proposal recall, and MCC before/after need saved region scores/proposal masks/MCC rerank artifacts."
sclip,Dense-map TF methods,ade20k,2000,2000,0,16909,0.3119640428174345,,0.18431252126618616,,0.2995075822343097,0.22313560825595838,0.05494115559761074,0.256824807845216,0.17115177610333693,0,proxy_from_dense_label_map,"Top-5 naming, true proposal recall, and MCC before/after need saved region scores/proposal masks/MCC rerank artifacts."
sclip,Dense-map TF methods,coco_stuff164k,5000,5000,0,37497,0.33373336533589354,,0.20088496417467486,,0.33179987667361877,0.26674133930714455,0.08139317812091634,0.29364127174565086,0.18283093053735255,0,proxy_from_dense_label_map,"Top-5 naming, true proposal recall, and MCC before/after need saved region scores/proposal masks/MCC rerank artifacts."
sclip,Dense-map TF methods,context459,5105,5105,0,33026,0.19366559680251924,,0.12620440836001273,,0.37982042627438284,0.3126324713861806,0.10906558469084963,0.5857627118644068,0.47945585785674627,0,proxy_from_dense_label_map,"Top-5 naming, true proposal recall, and MCC before/after need saved region scores/proposal masks/MCC rerank artifacts."
sclip,Dense-map TF methods,ade847,2000,2000,0,22266,0.1952303961196443,,0.11667149109438466,,0.2577052595060496,0.15912153058474804,0.03561483876762778,0.3931696302568445,0.2547288776796974,0,proxy_from_dense_label_map,"Top-5 naming, true proposal recall, and MCC before/after need saved region scores/proposal masks/MCC rerank artifacts."
naclip,Dense-map TF methods,voc20,1449,1449,0,2148,0.8975791433891993,,0.7891972843760707,,0.8122272517966338,0.87756052141527,0.7206703910614525,0.03289124668435013,0.013565891472868217,0,proxy_from_dense_label_map,"Top-5 naming, true proposal recall, and MCC before/after need saved region scores/proposal masks/MCC rerank artifacts."
naclip,Dense-map TF methods,context59,5105,5105,0,25975,0.5738209817131857,,0.41194462024883066,,0.5186008308512516,0.5309335899903753,0.26610202117420595,0.18976143861938946,0.10734953703703703,0,proxy_from_dense_label_map,"Top-5 naming, true proposal recall, and MCC before/after need saved region scores/proposal masks/MCC rerank artifacts."
naclip,Dense-map TF methods,ade20k,2000,2000,0,16909,0.4080667100360755,,0.2652501466845795,,0.3888786804982434,0.3393459104618842,0.13135016854929327,0.2547926106657372,0.16208914903196758,0,proxy_from_dense_label_map,"Top-5 naming, true proposal recall, and MCC before/after need saved region scores/proposal masks/MCC rerank artifacts."
naclip,Dense-map TF methods,coco_stuff164k,5000,5000,0,37497,0.36746939755180413,,0.23843664486403843,,0.39610746781481415,0.35624183267994775,0.14481158492679413,0.3384488695912562,0.241804788213628,0,proxy_from_dense_label_map,"Top-5 naming, true proposal recall, and MCC before/after need saved region scores/proposal masks/MCC rerank artifacts."
naclip,Dense-map TF methods,context459,5105,5105,0,33026,0.20414219100102948,,0.14379621285974645,,0.45442364370257976,0.4194271180282202,0.18661054926421608,0.643156222928097,0.5737465520038942,0,proxy_from_dense_label_map,"Top-5 naming, true proposal recall, and MCC before/after need saved region scores/proposal masks/MCC rerank artifacts."
naclip,Dense-map TF methods,ade847,2000,2000,0,22266,0.2745890595526812,,0.16369683736658303,,0.31417605032672463,0.22280607203808497,0.06570556004670798,0.3817778673654505,0.24196855775803144,0,proxy_from_dense_label_map,"Top-5 naming, true proposal recall, and MCC before/after need saved region scores/proposal masks/MCC rerank artifacts."
resclip,Dense-map TF methods,voc20,1449,1449,0,2148,0.9087523277467412,,0.7927377917208964,,0.8155919054502108,0.8747672253258846,0.7118249534450651,0.03139968068121341,0.011772400261608895,0,proxy_from_dense_label_map,"Top-5 naming, true proposal recall, and MCC before/after need saved region scores/proposal masks/MCC rerank artifacts."
resclip,Dense-map TF methods,context59,5105,5105,0,25975,0.5519923002887391,,0.3712184225672434,,0.47150241928586034,0.46698748796920114,0.19753609239653513,0.17930750206100576,0.10348859871370103,0,proxy_from_dense_label_map,"Top-5 naming, true proposal recall, and MCC before/after need saved region scores/proposal masks/MCC rerank artifacts."
resclip,Dense-map TF methods,ade20k,2000,2000,0,16909,0.38973327813590397,,0.23470977875352383,,0.35068521099328526,0.28505529599621504,0.09060263764858952,0.24771784232365146,0.14882506527415143,0,proxy_from_dense_label_map,"Top-5 naming, true proposal recall, and MCC before/after need saved region scores/proposal masks/MCC rerank artifacts."
resclip,Dense-map TF methods,coco_stuff164k,5000,5000,0,37497,0.3607755287089634,,0.21824395908087788,,0.3581343032664805,0.3044776915486572,0.10371496386377577,0.3036699658404134,0.21650809976857804,0,proxy_from_dense_label_map,"Top-5 naming, true proposal recall, and MCC before/after need saved region scores/proposal masks/MCC rerank artifacts."
resclip,Dense-map TF methods,context459,5105,5105,0,33026,0.20187125295221947,,0.13518175036476643,,0.4213821291558499,0.3735541694422576,0.13789135832374494,0.6202480343681608,0.5379885814668424,0,proxy_from_dense_label_map,"Top-5 naming, true proposal recall, and MCC before/after need saved region scores/proposal masks/MCC rerank artifacts."
resclip,Dense-map TF methods,ade847,2000,2000,0,22266,0.2518638282583311,,0.15123632150631666,,0.300130411175835,0.2106799604778586,0.05721728195454954,0.3824344489447879,0.2119309262166405,0,proxy_from_dense_label_map,"Top-5 naming, true proposal recall, and MCC before/after need saved region scores/proposal masks/MCC rerank artifacts."
proxyclip,Proposal+naming TF methods,voc20,1449,1449,0,2148,0.8929236499068901,,0.797975969399778,,0.8251832483221945,0.8766294227188082,0.7351024208566108,0.03505045140732873,0.016466117796073463,0,proxy_from_dense_label_map,"Top-5 naming, true proposal recall, and MCC before/after need saved region scores/proposal masks/MCC rerank artifacts."
proxyclip,Proposal+naming TF methods,context59,5105,5105,0,25975,0.5406737247353224,,0.3931687423985633,,0.5125969091815624,0.5306256015399422,0.28550529355149185,0.20808242037292315,0.13228155339805825,0,proxy_from_dense_label_map,"Top-5 naming, true proposal recall, and MCC before/after need saved region scores/proposal masks/MCC rerank artifacts."
proxyclip,Proposal+naming TF methods,ade20k,2000,2000,0,16909,0.37654503518836124,,0.2496224869002393,,0.3938161685725477,0.3608729079188598,0.15068898219882904,0.31022615535889875,0.2044740973312402,0,proxy_from_dense_label_map,"Top-5 naming, true proposal recall, and MCC before/after need saved region scores/proposal masks/MCC rerank artifacts."
proxyclip,Proposal+naming TF methods,coco_stuff164k,5000,5000,0,37497,0.3413339733845374,,0.22382896136709218,,0.387960671956731,0.36146891751340104,0.16270634984132065,0.36181201121440165,0.2658580560563842,0,proxy_from_dense_label_map,"Top-5 naming, true proposal recall, and MCC before/after need saved region scores/proposal masks/MCC rerank artifacts."
proxyclip,Proposal+naming TF methods,context459,5105,5105,0,33026,0.1997517107733301,,0.14380190801114034,,0.4703842875073534,0.4543995639798946,0.21586023133288923,0.6602252282268275,0.5975592649740497,0,proxy_from_dense_label_map,"Top-5 naming, true proposal recall, and MCC before/after need saved region scores/proposal masks/MCC rerank artifacts."
proxyclip,Proposal+naming TF methods,ade847,2000,2000,0,22266,0.24544148028384083,,0.16277031437345113,,0.34466039420322686,0.29291296146591217,0.1076080122159346,0.45446182152713893,0.31176961602671116,0,proxy_from_dense_label_map,"Top-5 naming, true proposal recall, and MCC before/after need saved region scores/proposal masks/MCC rerank artifacts."
corrclip,Proposal+naming TF methods,voc20,1449,1449,0,2148,0.9036312849162011,,0.8637112235735767,,0.90333466282727,0.925512104283054,0.8621973929236499,0.043259557344064385,0.028077753779697623,0,proxy_from_dense_label_map,"Top-5 naming, true proposal recall, and MCC before/after need saved region scores/proposal masks/MCC rerank artifacts."
corrclip,Proposal+naming TF methods,context59,5105,5105,0,25975,0.640846968238691,,0.5191497540875394,,0.6567393748472565,0.7131472569778633,0.5288161693936477,0.2007125890736342,0.15899825276645313,0,proxy_from_dense_label_map,"Top-5 naming, true proposal recall, and MCC before/after need saved region scores/proposal masks/MCC rerank artifacts."
corrclip,Proposal+naming TF methods,ade20k,2000,2000,0,16909,0.46750251345437344,,0.3521071333924522,,0.5167593737330511,0.5437341060973446,0.3487491868235851,0.2891015879921688,0.23571307444463285,0,proxy_from_dense_label_map,"Top-5 naming, true proposal recall, and MCC before/after need saved region scores/proposal masks/MCC rerank artifacts."
corrclip,Proposal+naming TF methods,coco_stuff164k,5000,5000,0,37497,0.37317652078832975,,0.27105379339710917,,0.4938100886517281,0.5093474144598235,0.3250126676800811,0.42305879888999426,0.36990235496840895,0,proxy_from_dense_label_map,"Top-5 naming, true proposal recall, and MCC before/after need saved region scores/proposal masks/MCC rerank artifacts."
corrclip,Proposal+naming TF methods,context459,5105,5105,0,33026,0.24435293405195907,,0.1939137604731455,,0.6134039349402569,0.6581481257191304,0.4562768727669109,0.6753772543246227,0.6482845577012409,0,proxy_from_dense_label_map,"Top-5 naming, true proposal recall, and MCC before/after need saved region scores/proposal masks/MCC rerank artifacts."
corrclip,Proposal+naming TF methods,ade847,2000,2000,0,22266,0.29259858079583223,,0.2164563006704555,,0.44598075506949847,0.45742387496631637,0.27306206772657865,0.4833578792341679,0.42450657894736843,0,proxy_from_dense_label_map,"Top-5 naming, true proposal recall, and MCC before/after need saved region scores/proposal masks/MCC rerank artifacts."
scclip,Dense-map TF methods,voc20,1449,1449,0,2148,0.9064245810055865,,0.8355363274629913,,0.8601433247352279,0.9129422718808193,0.8081936685288641,0.03263640999490056,0.016129032258064516,0,proxy_from_dense_label_map,"Top-5 naming, true proposal recall, and MCC before/after need saved region scores/proposal masks/MCC rerank artifacts."
scclip,Dense-map TF methods,context59,5105,5105,0,25975,0.5891049085659288,,0.41369906710652504,,0.5142883460459929,0.5461405197305101,0.26159769008662176,0.17214154800507542,0.11508462104488594,0,proxy_from_dense_label_map,"Top-5 naming, true proposal recall, and MCC before/after need saved region scores/proposal masks/MCC rerank artifacts."
scclip,Dense-map TF methods,ade20k,2000,2000,0,16909,0.39487846708853275,,0.25460090664062596,,0.37859804335567576,0.3385770891241351,0.1284523035070081,0.26253275109170304,0.17081031307550645,0,proxy_from_dense_label_map,"Top-5 naming, true proposal recall, and MCC before/after need saved region scores/proposal masks/MCC rerank artifacts."
scclip,Dense-map TF methods,coco_stuff164k,5000,5000,0,37497,0.3709363415739926,,0.23358840423544655,,0.3826369535243141,0.35053470944342213,0.13955783129317012,0.3241783323189288,0.2352379132428817,0,proxy_from_dense_label_map,"Top-5 naming, true proposal recall, and MCC before/after need saved region scores/proposal masks/MCC rerank artifacts."
scclip,Dense-map TF methods,context459,5105,5105,0,33026,0.20002422333918732,,0.1372746887943525,,0.4422490669643032,0.4197299097680615,0.17561920910797554,0.6493291011398067,0.5924137931034483,0,proxy_from_dense_label_map,"Top-5 naming, true proposal recall, and MCC before/after need saved region scores/proposal masks/MCC rerank artifacts."
scclip,Dense-map TF methods,ade847,2000,2000,0,22266,0.2363244408515225,,0.1505107422019635,,0.3082694922395896,0.24413904607922393,0.07922392886014551,0.4118837380426784,0.2698412698412698,0,proxy_from_dense_label_map,"Top-5 naming, true proposal recall, and MCC before/after need saved region scores/proposal masks/MCC rerank artifacts."
cliptrase,Dense-map TF methods,voc20,1449,1449,0,2148,0.7486033519553073,,0.6511496647092327,,0.7261133057007357,0.7565176908752328,0.6047486033519553,0.09415384615384616,0.05157813702848345,0,proxy_from_dense_label_map,"Top-5 naming, true proposal recall, and MCC before/after need saved region scores/proposal masks/MCC rerank artifacts."
cliptrase,Dense-map TF methods,context59,5105,5105,0,25975,0.42398460057747833,,0.24651343692525177,,0.3620263058347394,0.32854667949951877,0.08912415784408084,0.23974689477384578,0.17062634989200864,0,proxy_from_dense_label_map,"Top-5 naming, true proposal recall, and MCC before/after need saved region scores/proposal masks/MCC rerank artifacts."
cliptrase,Dense-map TF methods,ade20k,2000,2000,0,16909,0.25761428824886157,,0.13881862698561268,,0.26603461810470247,0.2108936069548761,0.05464545508309184,0.35081323611890075,0.2911255411255411,0,proxy_from_dense_label_map,"Top-5 naming, true proposal recall, and MCC before/after need saved region scores/proposal masks/MCC rerank artifacts."
cliptrase,Dense-map TF methods,coco_stuff164k,5000,5000,0,37497,0.010587513667760088,,0.003542102365046006,,0.26402206273185724,0.20228284929461024,0.04803050910739526,0.9889255108767304,0.9905607995558023,0,proxy_from_dense_label_map,"Top-5 naming, true proposal recall, and MCC before/after need saved region scores/proposal masks/MCC rerank artifacts."
cliptrase,Dense-map TF methods,context459,5105,5105,0,33026,0.2777811421304427,,0.15781439538277067,,0.31090676822379854,0.2614606673529946,0.05644038030642524,0.38587145338737694,0.2843347639484979,0,proxy_from_dense_label_map,"Top-5 naming, true proposal recall, and MCC before/after need saved region scores/proposal masks/MCC rerank artifacts."
cliptrase,Dense-map TF methods,ade847,2000,2000,0,22266,0.14874696847210994,,0.07716919261197944,,0.21402534742754684,0.1567412197969999,0.033908200844336656,0.5240687679083095,0.46225165562913906,0,proxy_from_dense_label_map,"Top-5 naming, true proposal recall, and MCC before/after need saved region scores/proposal masks/MCC rerank artifacts."
trident,CLIP + VFM TF methods,voc20,1449,1449,0,2148,0.8575418994413407,,0.7851266142237231,,0.826887375381604,0.8635940409683427,0.7383612662942272,0.053369272237196765,0.031525851197982346,0,proxy_from_dense_label_map,"Top-5 naming, true proposal recall, and MCC before/after need saved region scores/proposal masks/MCC rerank artifacts."
trident,CLIP + VFM TF methods,context59,5105,5105,0,25975,0.5887199230028874,,0.4427827008327741,,0.5648812288244601,0.6021174205967276,0.3506448508180943,0.2040920716112532,0.13768115942028986,0,proxy_from_dense_label_map,"Top-5 naming, true proposal recall, and MCC before/after need saved region scores/proposal masks/MCC rerank artifacts."
trident,CLIP + VFM TF methods,ade20k,2000,2000,0,16909,0.43148619078597195,,0.29287883756024796,,0.43887033297568645,0.4178839671181028,0.19634514164054645,0.2943673931502972,0.2063253012048193,0,proxy_from_dense_label_map,"Top-5 naming, true proposal recall, and MCC before/after need saved region scores/proposal masks/MCC rerank artifacts."
trident,CLIP + VFM TF methods,coco_stuff164k,5000,5000,0,37497,0.35674853988319066,,0.23845313113153685,,0.41395398650945897,0.4020855001733472,0.19641571325706056,0.37726338130927906,0.2829599456890699,0,proxy_from_dense_label_map,"Top-5 naming, true proposal recall, and MCC before/after need saved region scores/proposal masks/MCC rerank artifacts."
trident,CLIP + VFM TF methods,context459,5105,5105,0,33026,0.19384727184642403,,0.14321619471111974,,0.48369347032366944,0.48467873796402833,0.2519227275479925,0.6771412507028175,0.6152644230769231,0,proxy_from_dense_label_map,"Top-5 naming, true proposal recall, and MCC before/after need saved region scores/proposal masks/MCC rerank artifacts."
trident,CLIP + VFM TF methods,ade847,2000,2000,0,22266,0.22316536423246205,,0.15197085967068896,,0.3401586820785846,0.3053983652205156,0.12530315278900567,0.48911764705882355,0.36451612903225805,0,proxy_from_dense_label_map,"Top-5 naming, true proposal recall, and MCC before/after need saved region scores/proposal masks/MCC rerank artifacts."
cass,CLIP + VFM TF methods,voc20,1449,1449,0,2148,0.8784916201117319,,0.8134058742063025,,0.8379547633892873,0.8803538175046555,0.7700186219739292,0.029613960867265997,0.012091898428053204,0,proxy_from_dense_label_map,"Top-5 naming, true proposal recall, and MCC before/after need saved region scores/proposal masks/MCC rerank artifacts."
cass,CLIP + VFM TF methods,context59,5105,5105,0,25975,0.5710875842155919,,0.41309578255240786,,0.5162383784475975,0.5432916265640039,0.28127045235803655,0.17857142857142858,0.10949904188338352,0,proxy_from_dense_label_map,"Top-5 naming, true proposal recall, and MCC before/after need saved region scores/proposal masks/MCC rerank artifacts."
cass,CLIP + VFM TF methods,ade20k,2000,2000,0,16909,0.3700987639718493,,0.24943504528279845,,0.3725031335886256,0.34088355313738244,0.13874268141226564,0.2647467036780014,0.15814151747655583,0,proxy_from_dense_label_map,"Top-5 naming, true proposal recall, and MCC before/after need saved region scores/proposal masks/MCC rerank artifacts."
cass,CLIP + VFM TF methods,coco_stuff164k,5000,5000,0,37497,0.34754780382430595,,0.22896903509789593,,0.37857510186002347,0.349707976638131,0.1456916553324266,0.33340959353313504,0.2300933552992861,0,proxy_from_dense_label_map,"Top-5 naming, true proposal recall, and MCC before/after need saved region scores/proposal masks/MCC rerank artifacts."
cass,CLIP + VFM TF methods,context459,5105,5105,0,33026,0.19012293344637557,,0.13658644240393378,,0.4385186825758652,0.41930600133228363,0.187276691091867,0.6483968804159446,0.5721907841552142,0,proxy_from_dense_label_map,"Top-5 naming, true proposal recall, and MCC before/after need saved region scores/proposal masks/MCC rerank artifacts."
cass,CLIP + VFM TF methods,ade847,2000,2000,0,22266,0.20362885116320847,,0.1367039103080322,,0.2911378446999986,0.23421359920955717,0.08088565525913949,0.43720038350910834,0.2809550249861188,0,proxy_from_dense_label_map,"Top-5 naming, true proposal recall, and MCC before/after need saved region scores/proposal masks/MCC rerank artifacts."
freeda,Diffusion/reference TF methods,voc20,1449,1449,0,2148,0.9217877094972067,,0.843978956760534,,0.8583632877045547,0.9050279329608939,0.7942271880819367,0.018518518518518517,0.0076201641266119575,0,proxy_from_dense_label_map,"Top-5 naming, true proposal recall, and MCC before/after need saved region scores/proposal masks/MCC rerank artifacts."
freeda,Diffusion/reference TF methods,context59,5105,5105,0,25975,0.6414629451395573,,0.451281423923052,,0.5478559825690823,0.5824446583253128,0.2908950914340712,0.15969330425011566,0.08893594494441504,0,proxy_from_dense_label_map,"Top-5 naming, true proposal recall, and MCC before/after need saved region scores/proposal masks/MCC rerank artifacts."
freeda,Diffusion/reference TF methods,ade20k,2000,2000,0,16909,0.45608847359394405,,0.28960625894445324,,0.4257228196562509,0.39192146194334376,0.14867821870010053,0.2744831748905991,0.16348448687350836,0,proxy_from_dense_label_map,"Top-5 naming, true proposal recall, and MCC before/after need saved region scores/proposal masks/MCC rerank artifacts."
freeda,Diffusion/reference TF methods,coco_stuff164k,5000,5000,0,37497,0.014481158492679414,,0.008617637285459025,,0.4138304721093592,0.38021708403338933,0.15358562018294797,0.9868134951252017,0.990623372113214,0,proxy_from_dense_label_map,"Top-5 naming, true proposal recall, and MCC before/after need saved region scores/proposal masks/MCC rerank artifacts."
freeda,Diffusion/reference TF methods,context459,5105,5105,0,33026,0.37219160661297157,,0.26084703049228464,,0.47900251629611856,0.4606673529946103,0.18461212378126324,0.4237544367030367,0.302771855010661,0,proxy_from_dense_label_map,"Top-5 naming, true proposal recall, and MCC before/after need saved region scores/proposal masks/MCC rerank artifacts."
freeda,Diffusion/reference TF methods,ade847,2000,2000,0,22266,0.22577023264169585,,0.14578929352533007,,0.3545801519735044,0.29628132578819727,0.09566154675289679,0.5290283462179779,0.39436619718309857,0,proxy_from_dense_label_map,"Top-5 naming, true proposal recall, and MCC before/after need saved region scores/proposal masks/MCC rerank artifacts."
